label,variant,lr,fold,external,status,best_epoch,stopped_epoch,best_loss,internal_ratio_equal,epoch0_val_loss,epoch0_internal_ratio_equal,anchors_ci_below,external_ratio,external_delta,external_ci_low,external_ci_high,identity_advantage,identity_ci_low,identity_ci_high,cross_mse_ratio,shared_bias_fraction_external,kept_a,kept_b,kept_c,kept,internal_ratio_ACH-000551,internal_ratio_ACH-000739,internal_ratio_ACH-000995,internal_ratio_ACH-000971,export,batch_index,panel,internal_status,external_status
V0,V0,0.0001,hct116,ACH-000971,completed,37.0,42.0,0.8800336486830372,0.8849075784422235,39.44865296838688,39.52683722881284,3.0,31.985118948073612,18.50363785339154,18.494772697717973,18.512319664897415,0.008621601853023998,0.004147111667428986,0.013401523636921287,20.42714718276588,0.9842916333696606,True,False,True,False,0.9037072764063123,0.8948382219786668,0.8561772369416911,,,,,,
V0,V0,0.0001,hepg2,ACH-000739,completed,50.0,50.0,0.9814289403262805,1.4878011783759881,40.438406282178924,54.89575561415,2.0,20.493570817950186,27.82016582854114,27.778891498155716,27.85861527047484,0.022644511661361052,0.013113180851805965,0.032878329600413245,34.31193582842086,0.9804041004742081,True,False,True,False,0.8606025312748057,,0.8555985802829753,2.747202423570184,,,,,
V0,V0,0.0001,jurkat,ACH-000995,completed,49.0,50.0,1.094171514601906,1.556116528358504,39.72208394738883,49.27918380244188,2.0,17.573824659026254,19.369346104013754,19.331068949116144,19.40974140581046,0.015072434280517489,0.007851077901449455,0.021912957838617787,23.91653827216044,0.9749485034108117,True,False,True,False,0.8732040146457907,0.9150139740602282,,2.880131596369493,,,,,
V0,V0,0.0001,k562,ACH-000551,completed,49.0,50.0,1.2479419574451878,1.536468195544205,42.24539623143579,41.87340235166414,2.0,32.867215215919,16.631818499263392,16.62126943892202,16.641098977577656,0.01234332743455458,0.006736248791424459,0.01778351792067672,20.697193875088786,0.9875493412022449,True,False,True,False,,0.883110406063412,0.8519477385017843,2.8743464420674183,,,,,
V1,V1,0.0001,hct116,ACH-000971,completed,33.0,38.0,0.893163323931776,0.9072764978102481,0.998021995537529,1.0,3.0,1.148430587299787,0.0886395123531462,0.08625793147201564,0.091396648190517,0.01163010339056677,0.008932755182284875,0.014052555824066058,1.053319373853855,0.2826240306964726,True,False,True,False,0.9599302010629112,0.8836634954720203,0.8782357968958131,,,,,,
V1,V1,0.0001,hepg2,ACH-000739,completed,10.0,15.0,0.6831983654667364,0.9339120848592629,0.7366399429203861,1.0,3.0,0.9809529971992104,-0.027182848201762942,-0.030770300218399,-0.023533782817119302,0.034048187352801546,0.03143999380245648,0.03665786199992601,0.9915910475351992,0.1742220253919297,True,True,True,True,0.9523299788077052,,0.9101628456646687,0.9392434301054147,,,,,
V1,V1,0.0001,jurkat,ACH-000995,completed,9.0,14.0,0.7507459871256126,0.9413906407117115,0.8060621317640518,1.0,3.0,1.008549253499612,0.009991263535828163,0.005829475904694615,0.014059392676277727,0.034938913730447614,0.031178746487495523,0.03877792695335821,1.0287794691704628,0.2259146836136476,True,False,True,False,0.9562715523688555,0.9111218505463606,,0.9567785192199186,,,,,
V1,V1,0.0001,k562,ACH-000551,completed,15.0,20.0,0.9111227965224882,0.9116100121300104,1.0088837748756967,1.0,3.0,1.2156053397504671,0.11252658426238886,0.10909923332797103,0.11576426356465579,0.020432007331313732,0.016922718462096035,0.023906906245269876,1.0670553222220787,0.4140395672708736,True,False,True,False,,0.8953758976280812,0.8889981228376445,0.9504560159243054,,,,,
V2,V2,0.0001,hct116,ACH-000971,completed,10.0,15.0,0.8821889163339575,0.9011244423858148,1.0763148965466622,1.0784480716449192,3.0,11.683491755411643,6.37994847730354,6.3752076748968065,6.384449921858654,0.013679526238775054,0.010682233947131204,0.01685895476727165,7.321037900985565,0.9602163882245397,True,False,True,False,0.9777855310990632,0.8780112283723369,0.847576567686044,,,,,,
V2,V2,0.0001,hepg2,ACH-000739,completed,50.0,50.0,1.0096529521220277,1.5320074911796475,2.788969170726423,3.786068346592287,2.0,11.51631469804219,15.00831333247864,14.975968015596717,15.043336377267483,0.10438899873533716,0.08213738951002998,0.12614364610482626,17.83870517393411,0.9639143712523913,True,False,True,False,0.8765196883302055,,0.8755953655652018,2.843907419643535,,,,,
V2,V2,0.0001,jurkat,ACH-000995,completed,47.0,50.0,1.0767180696777245,1.5346755477321459,2.9067037786225938,3.606054253238925,2.0,6.042845023401927,5.893426087018468,5.873185253898085,5.913953621620308,0.06794078018066509,0.05472248313554357,0.08020948972128297,8.106468030447806,0.925539868037804,True,False,True,False,0.8533594660771515,0.8929861426337068,,2.857681034485579,,,,,
V2,V2,0.0001,k562,ACH-000551,completed,48.0,50.0,1.2505979902322977,1.55455110891226,3.036533873333589,3.0097955274458807,2.0,12.71403351336465,6.113671306655185,6.10745225161308,6.120515033097677,0.023181188668179652,0.01800251354739395,0.027915440351287613,8.554523749418031,0.9689709830667257,True,False,True,False,,0.8648359217882063,0.8383459526348054,2.9604714523137683,,,,,
V2-null,V2-null,0.0001,hct116,ACH-000971,completed,7.0,12.0,0.9642646275493734,1.0216022386067305,1.0763148965466622,1.0784480716449192,2.0,11.856175581222901,6.483071495204633,6.475072554780664,6.491753554385753,0.017536878721867735,0.009929193042237083,0.02455307364005938,7.525852705006617,0.9506324931847068,True,False,True,False,1.2585834124710262,0.9171404473317453,0.8890828560174197,,,,,,
V2-null,V2-null,0.0001,hepg2,ACH-000739,completed,10.0,15.0,2.505109151332542,4.204722789411387,2.788969170726423,3.786068346592287,1.0,1.0195927861643497,0.027961760583824605,0.01108233348212174,0.04694241328673499,0.07396193389938716,0.06665188443751008,0.0811033400056941,2.5918491944231064,0.17489249609790875,False,False,True,False,1.336535091598715,,0.9571084598389379,10.320524816796507,,,,,
V2-null,V2-null,0.0001,jurkat,ACH-000995,completed,15.0,20.0,2.589100932357706,4.217901073122063,2.9067037786225938,3.606054253238925,0.0,1.0067910647966807,0.007936519612571899,-0.0019013372015993185,0.017447375591419602,0.10395624246926281,0.09598897946942841,0.11131584882773818,2.6064340386968126,0.24725843599061076,False,False,True,False,1.4021282141967544,0.9989593106149666,,10.252615694554468,,,,,
V2-null,V2-null,0.0001,k562,ACH-000551,completed,10.0,15.0,2.690659827719184,4.05940475755763,3.036533873333589,3.0097955274458807,1.0,1.6293371497065172,0.3284573558700491,0.32564870965259246,0.3311547431117712,0.020354533506405006,0.017886000538775565,0.022949065392608606,3.0180916766215833,0.6173554745026617,False,False,True,False,,0.9781391442816849,0.9367690600190605,10.263306068372145,,,,,
N-native,N-native,,hct116,,,,,,1.0520473130869283,,,,7.802711758145881,,,,,,,,,,,,,,,,,N-native,0.0,native_all,completed,completed
N-native,N-native,,hepg2,,,,,,3.7500836016178885,,,,0.922826879640098,,,,,,,,,,,,,,,,,N-native,0.0,native_all,completed,completed
N-native,N-native,,jurkat,,,,,,3.681856814406974,,,,0.952704857877919,,,,,,,,,,,,,,,,,N-native,0.0,native_all,completed,completed
N-native,N-native,,k562,,,,,,3.604676415701642,,,,1.2479425776466917,,,,,,,,,,,,,,,,,N-native,0.0,native_all,completed,completed
