model_id	msi_score
ACH-000001	1.67
ACH-000002	0.88
ACH-000004	1.86
ACH-000005	0.87
ACH-000006	1.27
ACH-000007	3.36
ACH-000008	1.43
ACH-000009	1.0
ACH-000011	2.22
ACH-000012	1.67
ACH-000013	2.31
ACH-000014	2.03
ACH-000015	0.76
ACH-000017	1.63
ACH-000018	0.69
ACH-000019	2.09
ACH-000020	1.39
ACH-000021	1.54
ACH-000024	2.09
ACH-000025	2.59
ACH-000026	2.48
ACH-000027	1.2
ACH-000028	3.48
ACH-000029	2.61
ACH-000030	2.05
ACH-000031	0.91
ACH-000032	1.17
ACH-000035	0.7
ACH-000036	2.08
ACH-000037	2.81
ACH-000038	0.97
ACH-000039	1.97
ACH-000040	0.94
ACH-000041	2.21
ACH-000043	1.63
ACH-000044	1.91
ACH-000045	1.91
ACH-000046	1.13
ACH-000047	1.61
ACH-000050	2.12
ACH-000051	1.3
ACH-000052	2.17
ACH-000053	1.89
ACH-000054	2.07
ACH-000055	6.24
ACH-000056	1.2
ACH-000058	0.73
ACH-000059	2.32
ACH-000060	1.73
ACH-000061	2.27
ACH-000062	1.24
ACH-000063	1.55
ACH-000065	1.67
ACH-000066	1.63
ACH-000067	0.76
ACH-000068	1.54
ACH-000069	1.5
ACH-000070	0.38
ACH-000072	2.12
ACH-000073	1.4
ACH-000074	3.09
ACH-000075	0.73
ACH-000076	3.45
ACH-000077	2.36
ACH-000078	0.73
ACH-000079	1.66
ACH-000080	1.5
ACH-000081	1.92
ACH-000082	2.99
ACH-000083	1.02
ACH-000085	2.86
ACH-000086	2.25
ACH-000087	3.65
ACH-000089	1.98
ACH-000090	0.95
ACH-000091	1.32
ACH-000092	0.61
ACH-000093	2.01
ACH-000094	1.04
ACH-000095	17.43
ACH-000096	1.21
ACH-000098	1.73
ACH-000099	1.91
ACH-000100	3.87
ACH-000101	1.47
ACH-000102	0.98
ACH-000103	1.05
ACH-000104	2.13
ACH-000105	1.79
ACH-000106	0.78
ACH-000107	0.71
ACH-000108	2.83
ACH-000109	0.93
ACH-000110	1.36
ACH-000112	1.51
ACH-000113	3.16
ACH-000114	2.38
ACH-000115	0.8
ACH-000116	2.02
ACH-000117	2.17
ACH-000118	2.63
ACH-000119	1.68
ACH-000120	0.96
ACH-000121	0.48
ACH-000122	3.58
ACH-000123	2.32
ACH-000124	2.42
ACH-000125	1.53
ACH-000126	2.45
ACH-000127	1.95
ACH-000128	2.15
ACH-000129	1.15
ACH-000130	2.27
ACH-000131	0.84
ACH-000133	1.5
ACH-000134	1.59
ACH-000135	1.41
ACH-000136	1.16
ACH-000137	0.53
ACH-000138	0.71
ACH-000139	1.34
ACH-000140	1.41
ACH-000141	1.65
ACH-000142	2.19
ACH-000143	5.0
ACH-000144	1.45
ACH-000145	2.01
ACH-000146	2.52
ACH-000148	1.7
ACH-000149	1.49
ACH-000150	2.04
ACH-000151	1.83
ACH-000152	2.04
ACH-000153	0.95
ACH-000154	1.33
ACH-000155	1.67
ACH-000156	1.41
ACH-000157	4.67
ACH-000158	2.24
ACH-000159	2.3
ACH-000160	5.26
ACH-000161	0.89
ACH-000162	0.9
ACH-000163	0.9
ACH-000164	1.26
ACH-000165	1.28
ACH-000166	2.55
ACH-000167	4.51
ACH-000168	1.92
ACH-000169	2.32
ACH-000171	0.78
ACH-000172	4.46
ACH-000173	1.97
ACH-000174	1.48
ACH-000175	1.47
ACH-000176	0.72
ACH-000177	2.7
ACH-000178	1.77
ACH-000179	0.78
ACH-000180	1.69
ACH-000182	3.04
ACH-000183	2.26
ACH-000184	1.55
ACH-000186	0.42
ACH-000187	0.68
ACH-000190	0.95
ACH-000191	2.39
ACH-000193	1.55
ACH-000195	2.78
ACH-000196	1.6
ACH-000197	1.73
ACH-000198	1.69
ACH-000199	1.28
ACH-000200	3.64
ACH-000201	1.6
ACH-000202	2.34
ACH-000203	1.97
ACH-000204	1.9
ACH-000205	1.95
ACH-000206	2.04
ACH-000207	1.16
ACH-000208	2.8
ACH-000209	1.1
ACH-000210	2.58
ACH-000212	1.96
ACH-000213	1.73
ACH-000214	1.88
ACH-000215	2.37
ACH-000216	2.79
ACH-000217	1.71
ACH-000218	1.95
ACH-000219	1.35
ACH-000220	1.4
ACH-000221	3.82
ACH-000222	2.61
ACH-000224	1.28
ACH-000225	1.52
ACH-000226	2.48
ACH-000227	1.21
ACH-000228	2.35
ACH-000231	2.07
ACH-000232	1.53
ACH-000233	1.73
ACH-000235	2.52
ACH-000236	1.5
ACH-000237	2.34
ACH-000239	1.8
ACH-000240	1.93
ACH-000241	1.39
ACH-000243	1.98
ACH-000244	2.0
ACH-000245	1.71
ACH-000246	1.51
ACH-000247	1.91
ACH-000248	1.48
ACH-000249	2.38
ACH-000250	2.95
ACH-000251	2.57
ACH-000252	1.36
ACH-000253	1.77
ACH-000254	1.21
ACH-000255	1.46
ACH-000256	2.11
ACH-000257	0.47
ACH-000259	1.8
ACH-000260	1.73
ACH-000261	2.45
ACH-000262	2.35
ACH-000263	2.97
ACH-000264	2.05
ACH-000265	2.74
ACH-000266	1.79
ACH-000267	0.88
ACH-000268	2.55
ACH-000269	1.61
ACH-000270	0.81
ACH-000271	2.96
ACH-000272	1.71
ACH-000273	2.31
ACH-000274	2.25
ACH-000275	1.26
ACH-000276	1.85
ACH-000278	1.49
ACH-000279	2.67
ACH-000280	2.76
ACH-000281	3.09
ACH-000283	2.56
ACH-000284	2.33
ACH-000285	3.07
ACH-000286	2.42
ACH-000287	1.3
ACH-000289	2.73
ACH-000290	1.25
ACH-000291	1.9
ACH-000292	1.14
ACH-000293	1.19
ACH-000294	1.36
ACH-000295	1.36
ACH-000296	4.2
ACH-000297	1.19
ACH-000298	1.03
ACH-000299	3.1
ACH-000301	1.47
ACH-000302	2.57
ACH-000303	1.24
ACH-000304	2.24
ACH-000305	1.27
ACH-000307	2.81
ACH-000308	1.6
ACH-000309	0.62
ACH-000310	3.03
ACH-000311	0.9
ACH-000312	2.81
ACH-000313	2.51
ACH-000314	2.15
ACH-000315	2.7
ACH-000316	2.05
ACH-000317	2.99
ACH-000318	2.41
ACH-000319	3.05
ACH-000320	2.84
ACH-000321	1.63
ACH-000322	1.48
ACH-000324	2.83
ACH-000325	3.5
ACH-000326	1.58
ACH-000327	0.85
ACH-000328	5.76
ACH-000330	1.25
ACH-000331	1.98
ACH-000332	2.96
ACH-000334	1.4
ACH-000336	1.69
ACH-000337	2.0
ACH-000338	2.28
ACH-000339	4.73
ACH-000340	1.67
ACH-000341	2.96
ACH-000342	2.0
ACH-000343	1.04
ACH-000344	2.61
ACH-000345	1.56
ACH-000346	0.88
ACH-000347	2.11
ACH-000348	1.15
ACH-000349	4.2
ACH-000350	1.56
ACH-000351	2.0
ACH-000352	1.61
ACH-000353	0.92
ACH-000354	2.3
ACH-000355	1.02
ACH-000357	0.96
ACH-000358	1.04
ACH-000359	2.55
ACH-000360	1.72
ACH-000361	0.87
ACH-000362	2.46
ACH-000363	2.39
ACH-000364	0.8
ACH-000365	2.22
ACH-000366	2.24
ACH-000368	2.76
ACH-000369	0.96
ACH-000370	2.66
ACH-000371	3.0
ACH-000372	1.23
ACH-000373	2.09
ACH-000374	2.78
ACH-000375	2.19
ACH-000377	2.74
ACH-000378	1.99
ACH-000379	0.85
ACH-000380	2.17
ACH-000381	2.27
ACH-000382	1.05
ACH-000383	1.42
ACH-000384	0.63
ACH-000385	5.3
ACH-000386	3.16
ACH-000387	2.38
ACH-000388	3.21
ACH-000389	1.04
ACH-000390	1.3
ACH-000391	0.74
ACH-000392	1.96
ACH-000393	2.12
ACH-000394	0.83
ACH-000395	1.88
ACH-000396	0.56
ACH-000397	1.21
ACH-000398	4.48
ACH-000399	0.59
ACH-000400	1.14
ACH-000401	3.15
ACH-000402	2.16
ACH-000403	1.17
ACH-000404	1.71
ACH-000405	1.77
ACH-000406	2.23
ACH-000407	1.64
ACH-000408	1.07
ACH-000409	1.7
ACH-000410	1.79
ACH-000411	1.47
ACH-000412	2.02
ACH-000414	1.96
ACH-000415	1.98
ACH-000416	0.83
ACH-000417	1.66
ACH-000418	1.19
ACH-000419	4.98
ACH-000420	1.4
ACH-000421	2.22
ACH-000422	1.1
ACH-000423	0.75
ACH-000424	1.5
ACH-000425	0.48
ACH-000426	2.47
ACH-000427	3.34
ACH-000428	0.89
ACH-000429	3.84
ACH-000430	1.6
ACH-000431	1.3
ACH-000432	1.18
ACH-000433	1.14
ACH-000434	4.14
ACH-000435	3.01
ACH-000436	5.47
ACH-000437	2.11
ACH-000438	2.86
ACH-000439	2.55
ACH-000440	2.4
ACH-000441	1.18
ACH-000442	0.86
ACH-000443	1.81
ACH-000444	2.11
ACH-000445	3.05
ACH-000446	2.1
ACH-000447	2.11
ACH-000448	1.07
ACH-000449	1.4
ACH-000450	3.1
ACH-000451	0.95
ACH-000452	2.57
ACH-000453	1.32
ACH-000454	1.24
ACH-000455	2.27
ACH-000456	2.3
ACH-000457	1.73
ACH-000458	2.42
ACH-000459	1.93
ACH-000460	3.5
ACH-000462	2.75
ACH-000463	1.67
ACH-000464	1.65
ACH-000465	0.69
ACH-000466	3.53
ACH-000467	1.08
ACH-000468	1.86
ACH-000469	0.89
ACH-000470	1.72
ACH-000471	1.68
ACH-000472	1.37
ACH-000473	1.21
ACH-000475	1.9
ACH-000476	1.19
ACH-000477	1.89
ACH-000478	1.84
ACH-000479	2.07
ACH-000480	1.35
ACH-000481	1.21
ACH-000482	0.73
ACH-000483	2.2
ACH-000484	1.12
ACH-000485	1.95
ACH-000486	2.15
ACH-000487	2.74
ACH-000488	1.26
ACH-000489	1.21
ACH-000490	2.44
ACH-000491	1.25
ACH-000492	2.4
ACH-000493	1.64
ACH-000494	1.76
ACH-000495	1.59
ACH-000496	1.79
ACH-000498	2.5
ACH-000499	2.24
ACH-000500	2.36
ACH-000501	1.19
ACH-000502	1.61
ACH-000503	2.13
ACH-000505	1.36
ACH-000506	0.73
ACH-000507	1.74
ACH-000508	1.26
ACH-000509	2.43
ACH-000511	0.83
ACH-000512	3.94
ACH-000513	1.4
ACH-000514	0.84
ACH-000515	0.95
ACH-000516	0.65
ACH-000517	2.48
ACH-000518	1.07
ACH-000519	1.94
ACH-000520	1.48
ACH-000521	1.3
ACH-000522	3.04
ACH-000523	0.63
ACH-000524	2.39
ACH-000525	0.8
ACH-000527	2.42
ACH-000528	1.84
ACH-000529	1.35
ACH-000530	1.46
ACH-000531	1.32
ACH-000532	2.58
ACH-000533	1.57
ACH-000534	1.64
ACH-000535	0.59
ACH-000536	1.54
ACH-000537	1.62
ACH-000538	4.06
ACH-000540	1.76
ACH-000541	2.45
ACH-000542	2.47
ACH-000543	1.44
ACH-000544	2.98
ACH-000545	1.23
ACH-000546	1.15
ACH-000547	0.82
ACH-000548	3.02
ACH-000549	1.66
ACH-000550	1.45
ACH-000551	2.53
ACH-000552	1.3
ACH-000553	1.59
ACH-000554	1.93
ACH-000555	1.08
ACH-000556	4.82
ACH-000557	3.46
ACH-000558	0.77
ACH-000559	0.81
ACH-000560	2.08
ACH-000561	2.19
ACH-000562	1.41
ACH-000563	1.91
ACH-000564	1.33
ACH-000566	0.7
ACH-000567	1.08
ACH-000568	2.25
ACH-000569	1.03
ACH-000570	1.0
ACH-000571	0.78
ACH-000572	1.08
ACH-000573	2.46
ACH-000574	4.95
ACH-000576	2.45
ACH-000577	3.32
ACH-000579	0.3
ACH-000580	2.27
ACH-000581	1.56
ACH-000582	1.97
ACH-000583	2.8
ACH-000584	2.64
ACH-000585	1.48
ACH-000586	1.23
ACH-000587	2.19
ACH-000588	1.86
ACH-000589	1.2
ACH-000590	1.94
ACH-000591	3.95
ACH-000592	1.42
ACH-000593	3.57
ACH-000594	0.8
ACH-000595	2.22
ACH-000596	2.31
ACH-000597	5.08
ACH-000598	2.02
ACH-000599	3.27
ACH-000601	1.63
ACH-000602	2.1
ACH-000603	0.66
ACH-000604	1.93
ACH-000605	3.59
ACH-000606	2.97
ACH-000607	2.86
ACH-000608	2.06
ACH-000609	1.1
ACH-000610	1.07
ACH-000611	2.19
ACH-000612	4.71
ACH-000613	0.76
ACH-000614	1.11
ACH-000615	0.66
ACH-000616	0.72
ACH-000617	1.64
ACH-000618	1.61
ACH-000619	1.2
ACH-000620	1.97
ACH-000621	3.66
ACH-000622	0.35
ACH-000623	1.95
ACH-000624	4.45
ACH-000625	2.69
ACH-000626	0.98
ACH-000627	2.46
ACH-000628	1.24
ACH-000630	1.46
ACH-000631	1.23
ACH-000632	1.14
ACH-000633	1.83
ACH-000634	1.6
ACH-000635	2.2
ACH-000636	1.84
ACH-000637	2.48
ACH-000638	0.65
ACH-000639	1.13
ACH-000640	1.8
ACH-000641	1.78
ACH-000643	2.11
ACH-000644	1.34
ACH-000645	1.93
ACH-000646	1.55
ACH-000647	1.51
ACH-000648	2.31
ACH-000649	1.25
ACH-000650	0.98
ACH-000652	2.17
ACH-000653	2.33
ACH-000654	4.77
ACH-000655	2.2
ACH-000656	1.93
ACH-000657	17.36
ACH-000659	1.29
ACH-000660	2.54
ACH-000661	1.2
ACH-000662	2.18
ACH-000663	1.83
ACH-000664	2.62
ACH-000666	1.29
ACH-000667	1.05
ACH-000668	3.34
ACH-000669	1.09
ACH-000670	1.31
ACH-000672	4.96
ACH-000673	2.58
ACH-000674	1.74
ACH-000675	0.94
ACH-000676	2.04
ACH-000677	1.18
ACH-000678	2.53
ACH-000679	2.04
ACH-000680	2.06
ACH-000681	0.42
ACH-000682	2.93
ACH-000683	3.28
ACH-000684	1.27
ACH-000685	4.41
ACH-000686	2.77
ACH-000687	2.86
ACH-000688	1.35
ACH-000689	2.5
ACH-000691	3.86
ACH-000692	1.54
ACH-000693	1.92
ACH-000694	2.58
ACH-000695	3.3
ACH-000696	1.86
ACH-000697	6.57
ACH-000698	0.83
ACH-000699	2.68
ACH-000700	4.39
ACH-000701	1.86
ACH-000702	2.83
ACH-000703	1.27
ACH-000704	1.67
ACH-000705	1.8
ACH-000706	2.4
ACH-000707	4.88
ACH-000708	1.43
ACH-000709	2.0
ACH-000711	2.57
ACH-000712	2.15
ACH-000713	1.5
ACH-000714	1.66
ACH-000715	2.21
ACH-000716	2.19
ACH-000717	2.65
ACH-000718	2.04
ACH-000719	1.88
ACH-000721	3.59
ACH-000722	1.73
ACH-000723	2.1
ACH-000724	1.53
ACH-000725	1.08
ACH-000726	1.78
ACH-000727	0.73
ACH-000728	16.12
ACH-000729	2.75
ACH-000730	1.3
ACH-000732	2.28
ACH-000733	0.79
ACH-000734	2.29
ACH-000736	2.14
ACH-000738	2.44
ACH-000739	1.14
ACH-000740	2.42
ACH-000741	1.28
ACH-000743	0.72
ACH-000744	0.8
ACH-000745	2.13
ACH-000746	2.36
ACH-000747	1.67
ACH-000748	4.72
ACH-000749	0.58
ACH-000750	1.2
ACH-000751	2.88
ACH-000752	1.01
ACH-000753	2.38
ACH-000754	1.19
ACH-000755	0.91
ACH-000756	2.42
ACH-000757	6.75
ACH-000758	1.65
ACH-000759	4.58
ACH-000760	2.23
ACH-000761	3.5
ACH-000762	2.13
ACH-000763	3.26
ACH-000765	1.78
ACH-000766	2.23
ACH-000767	1.0
ACH-000769	2.02
ACH-000770	40.89
ACH-000771	2.15
ACH-000772	3.48
ACH-000773	3.35
ACH-000774	3.06
ACH-000776	1.43
ACH-000777	1.49
ACH-000778	1.57
ACH-000779	5.6
ACH-000780	0.65
ACH-000781	2.0
ACH-000782	31.67
ACH-000783	1.41
ACH-000784	2.07
ACH-000786	4.06
ACH-000787	1.11
ACH-000788	1.84
ACH-000789	2.84
ACH-000790	0.94
ACH-000791	2.26
ACH-000792	1.91
ACH-000793	1.81
ACH-000794	0.8
ACH-000795	26.46
ACH-000796	1.76
ACH-000797	3.05
ACH-000798	1.7
ACH-000799	2.49
ACH-000800	0.97
ACH-000801	2.33
ACH-000802	1.62
ACH-000803	0.66
ACH-000804	3.09
ACH-000805	3.43
ACH-000806	1.49
ACH-000807	1.49
ACH-000808	1.91
ACH-000809	1.68
ACH-000811	24.59
ACH-000812	1.7
ACH-000813	1.97
ACH-000814	1.52
ACH-000815	2.83
ACH-000816	0.84
ACH-000817	2.9
ACH-000818	1.8
ACH-000819	2.18
ACH-000820	2.99
ACH-000821	1.29
ACH-000822	1.66
ACH-000823	4.53
ACH-000824	0.98
ACH-000825	3.15
ACH-000826	1.45
ACH-000827	2.25
ACH-000828	2.2
ACH-000829	5.26
ACH-000830	0.85
ACH-000831	3.47
ACH-000832	1.28
ACH-000833	2.08
ACH-000834	4.36
ACH-000835	1.25
ACH-000836	4.0
ACH-000837	2.09
ACH-000838	3.24
ACH-000839	3.68
ACH-000841	2.82
ACH-000843	1.98
ACH-000844	1.01
ACH-000847	3.94
ACH-000851	4.03
ACH-000852	1.05
ACH-000853	0.8
ACH-000855	1.6
ACH-000856	53.99
ACH-000857	1.79
ACH-000858	2.04
ACH-000861	1.25
ACH-000862	2.44
ACH-000863	1.13
ACH-000864	63.68
ACH-000865	1.51
ACH-000866	52.34
ACH-000867	1.23
ACH-000868	6.29
ACH-000869	2.42
ACH-000870	0.53
ACH-000871	0.92
ACH-000872	2.17
ACH-000873	1.06
ACH-000874	24.26
ACH-000875	0.65
ACH-000876	1.86
ACH-000877	8.27
ACH-000878	3.12
ACH-000879	71.23
ACH-000880	1.87
ACH-000881	0.4
ACH-000883	1.65
ACH-000884	3.68
ACH-000886	0.56
ACH-000887	3.62
ACH-000888	1.64
ACH-000889	3.33
ACH-000890	1.32
ACH-000891	4.2
ACH-000892	1.23
ACH-000893	0.75
ACH-000894	1.98
ACH-000895	81.92
ACH-000896	1.48
ACH-000897	34.31
ACH-000898	2.99
ACH-000899	1.29
ACH-000900	3.85
ACH-000901	4.0
ACH-000902	0.97
ACH-000903	10.48
ACH-000905	1.85
ACH-000906	1.4
ACH-000907	54.66
ACH-000908	83.61
ACH-000909	64.91
ACH-000911	59.36
ACH-000912	1.04
ACH-000913	0.62
ACH-000914	54.51
ACH-000915	1.87
ACH-000916	0.81
ACH-000917	2.28
ACH-000918	40.42
ACH-000920	66.48
ACH-000921	3.65
ACH-000922	16.25
ACH-000924	4.11
ACH-000925	84.51
ACH-000926	1.65
ACH-000927	1.78
ACH-000928	74.82
ACH-000929	3.61
ACH-000930	69.08
ACH-000932	85.85
ACH-000933	68.55
ACH-000934	1.32
ACH-000935	0.83
ACH-000936	71.39
ACH-000937	4.93
ACH-000938	65.13
ACH-000939	74.85
ACH-000940	84.89
ACH-000941	55.62
ACH-000942	31.5
ACH-000943	90.46
ACH-000944	3.95
ACH-000945	1.07
ACH-000946	80.32
ACH-000947	81.33
ACH-000948	91.58
ACH-000949	84.58
ACH-000950	88.59
ACH-000951	1.14
ACH-000952	75.07
ACH-000953	57.52
ACH-000954	62.77
ACH-000955	88.91
ACH-000956	83.39
ACH-000957	88.39
ACH-000958	84.58
ACH-000959	89.04
ACH-000960	43.04
ACH-000961	87.3
ACH-000962	85.75
ACH-000964	44.93
ACH-000965	79.5
ACH-000966	88.34
ACH-000967	90.86
ACH-000968	2.0
ACH-000969	89.35
ACH-000970	87.97
ACH-000971	89.11
ACH-000972	93.17
ACH-000973	40.42
ACH-000974	81.24
ACH-000975	1.98
ACH-000977	61.83
ACH-000978	71.5
ACH-000979	55.11
ACH-000980	13.76
ACH-000981	60.68
ACH-000982	90.28
ACH-000983	64.45
ACH-000984	91.33
ACH-000985	88.71
ACH-000986	2.85
ACH-000987	1.11
ACH-000989	71.61
ACH-000990	93.22
ACH-000991	2.67
ACH-000992	1.92
ACH-000993	3.16
ACH-000994	92.27
ACH-000995	80.18
ACH-000996	4.17
ACH-000997	65.0
ACH-000998	83.72
ACH-000999	75.95
ACH-001001	2.58
ACH-001002	1.13
ACH-001016	0.81
ACH-001019	1.98
ACH-001020	2.35
ACH-001021	0.78
ACH-001022	4.18
ACH-001023	1.05
ACH-001024	1.14
ACH-001028	4.8
ACH-001029	2.01
ACH-001030	4.74
ACH-001031	3.79
ACH-001032	5.42
ACH-001033	3.98
ACH-001034	5.56
ACH-001035	5.11
ACH-001036	3.25
ACH-001038	3.5
ACH-001039	1.14
ACH-001041	3.63
ACH-001046	1.98
ACH-001048	1.18
ACH-001049	0.66
ACH-001050	4.79
ACH-001053	2.33
ACH-001054	4.77
ACH-001057	2.49
ACH-001059	2.11
ACH-001060	3.08
ACH-001061	64.95
ACH-001064	3.94
ACH-001065	0.78
ACH-001066	1.17
ACH-001067	1.37
ACH-001068	3.95
ACH-001075	4.02
ACH-001081	2.15
ACH-001086	2.67
ACH-001089	1.37
ACH-001093	1.59
ACH-001096	4.59
ACH-001097	2.98
ACH-001098	3.7
ACH-001099	2.29
ACH-001100	2.56
ACH-001106	3.2
ACH-001107	0.9
ACH-001111	2.39
ACH-001113	4.88
ACH-001118	0.46
ACH-001119	2.23
ACH-001125	0.69
ACH-001126	1.17
ACH-001127	68.06
ACH-001128	1.66
ACH-001129	1.83
ACH-001130	3.07
ACH-001132	2.78
ACH-001134	1.64
ACH-001136	1.1
ACH-001137	0.86
ACH-001138	0.55
ACH-001143	2.6
ACH-001145	87.37
ACH-001147	4.76
ACH-001148	2.59
ACH-001151	2.11
ACH-001162	2.19
ACH-001163	4.35
ACH-001164	1.88
ACH-001172	3.05
ACH-001182	1.14
ACH-001183	2.39
ACH-001184	2.52
ACH-001188	1.88
ACH-001190	26.58
ACH-001192	1.17
ACH-001193	3.94
ACH-001194	4.28
ACH-001196	1.99
ACH-001197	2.45
ACH-001199	89.27
ACH-001200	2.81
ACH-001201	2.49
ACH-001203	33.74
ACH-001205	1.7
ACH-001206	1.29
ACH-001208	1.42
ACH-001209	2.75
ACH-001210	2.72
ACH-001211	2.28
ACH-001227	2.22
ACH-001228	2.08
ACH-001229	3.56
ACH-001232	5.11
ACH-001233	0.85
ACH-001239	1.63
ACH-001270	4.33
ACH-001274	1.42
ACH-001275	2.68
ACH-001277	4.56
ACH-001278	5.11
ACH-001279	2.09
ACH-001280	2.01
ACH-001282	1.51
ACH-001283	4.77
ACH-001289	5.31
ACH-001295	1.91
ACH-001300	1.66
ACH-001301	1.8
ACH-001302	5.16
ACH-001303	2.18
ACH-001306	2.1
ACH-001307	2.37
ACH-001310	3.99
ACH-001318	3.5
ACH-001321	1.2
ACH-001322	2.59
ACH-001328	4.78
ACH-001329	4.19
ACH-001331	0.96
ACH-001332	2.64
ACH-001333	82.77
ACH-001334	0.65
ACH-001335	2.98
ACH-001336	3.85
ACH-001338	1.75
ACH-001339	4.82
ACH-001340	3.94
ACH-001341	2.57
ACH-001344	3.75
ACH-001345	89.33
ACH-001346	3.19
ACH-001347	3.61
ACH-001350	2.28
ACH-001353	3.78
ACH-001354	1.92
ACH-001355	1.07
ACH-001356	3.76
ACH-001358	0.72
ACH-001359	0.8
ACH-001360	4.53
ACH-001362	2.12
ACH-001363	2.31
ACH-001364	0.8
ACH-001365	0.55
ACH-001366	3.97
ACH-001367	7.53
ACH-001368	4.13
ACH-001369	74.33
ACH-001370	4.23
ACH-001373	3.56
ACH-001374	5.87
ACH-001375	3.03
ACH-001376	3.5
ACH-001377	62.74
ACH-001378	4.13
ACH-001379	3.78
ACH-001380	3.97
ACH-001382	3.09
ACH-001383	0.72
ACH-001384	1.26
ACH-001385	1.43
ACH-001386	5.82
ACH-001388	3.57
ACH-001389	3.63
ACH-001390	7.51
ACH-001391	4.67
ACH-001392	2.92
ACH-001393	2.89
ACH-001394	3.49
ACH-001395	2.31
ACH-001396	3.48
ACH-001398	2.65
ACH-001399	2.99
ACH-001400	2.01
ACH-001401	3.63
ACH-001402	3.88
ACH-001403	3.76
ACH-001407	3.63
ACH-001408	2.84
ACH-001409	4.69
ACH-001410	3.19
ACH-001411	4.05
ACH-001412	3.68
ACH-001413	4.31
ACH-001414	3.42
ACH-001415	3.41
ACH-001416	3.72
ACH-001417	1.0
ACH-001418	3.56
ACH-001419	2.74
ACH-001421	1.85
ACH-001422	2.07
ACH-001423	5.18
ACH-001427	5.13
ACH-001428	2.21
ACH-001430	2.0
ACH-001431	1.92
ACH-001433	2.67
ACH-001435	2.82
ACH-001436	1.14
ACH-001437	3.73
ACH-001438	4.39
ACH-001440	2.18
ACH-001441	1.91
ACH-001442	2.88
ACH-001443	3.9
ACH-001445	2.01
ACH-001447	4.34
ACH-001449	3.88
ACH-001450	3.19
ACH-001451	2.99
ACH-001452	0.8
ACH-001453	2.74
ACH-001454	4.57
ACH-001456	4.35
ACH-001458	4.8
ACH-001459	4.66
ACH-001460	5.54
ACH-001461	3.62
ACH-001465	2.03
ACH-001481	1.49
ACH-001484	7.73
ACH-001485	7.28
ACH-001489	1.68
ACH-001490	0.51
ACH-001492	2.14
ACH-001493	3.45
ACH-001494	5.07
ACH-001495	3.92
ACH-001496	5.07
ACH-001497	3.91
ACH-001498	41.91
ACH-001500	5.3
ACH-001502	1.85
ACH-001503	2.13
ACH-001508	2.21
ACH-001509	1.78
ACH-001510	4.11
ACH-001511	3.62
ACH-001513	3.77
ACH-001515	4.58
ACH-001516	4.13
ACH-001517	62.93
ACH-001518	73.8
ACH-001519	2.06
ACH-001520	2.78
ACH-001521	3.99
ACH-001522	3.75
ACH-001523	4.25
ACH-001524	3.76
ACH-001525	3.41
ACH-001526	3.22
ACH-001528	3.61
ACH-001529	3.85
ACH-001530	2.97
ACH-001532	4.65
ACH-001533	1.69
ACH-001536	4.23
ACH-001537	5.94
ACH-001538	4.03
ACH-001539	4.48
ACH-001540	3.55
ACH-001541	3.57
ACH-001542	3.73
ACH-001543	2.44
ACH-001544	1.6
ACH-001547	1.86
ACH-001548	2.01
ACH-001549	3.37
ACH-001550	4.14
ACH-001551	3.84
ACH-001552	3.59
ACH-001554	4.04
ACH-001555	4.54
ACH-001556	3.76
ACH-001557	3.66
ACH-001558	4.2
ACH-001559	3.91
ACH-001560	1.84
ACH-001561	11.94
ACH-001562	1.85
ACH-001563	3.31
ACH-001566	3.89
ACH-001567	3.15
ACH-001568	4.66
ACH-001569	3.64
ACH-001570	4.13
ACH-001571	2.58
ACH-001573	3.59
ACH-001574	2.57
ACH-001577	1.59
ACH-001578	2.75
ACH-001591	2.47
ACH-001598	3.02
ACH-001599	2.55
ACH-001603	1.88
ACH-001605	4.72
ACH-001606	1.47
ACH-001607	3.68
ACH-001608	2.94
ACH-001609	2.85
ACH-001610	55.08
ACH-001611	2.72
ACH-001613	3.55
ACH-001616	4.02
ACH-001617	3.91
ACH-001618	2.05
ACH-001619	2.63
ACH-001622	2.41
ACH-001623	2.06
ACH-001624	2.36
ACH-001625	3.8
ACH-001626	1.77
ACH-001627	3.73
ACH-001628	3.84
ACH-001630	3.33
ACH-001632	2.46
ACH-001634	2.41
ACH-001636	2.49
ACH-001638	4.47
ACH-001639	0.96
ACH-001641	2.37
ACH-001642	3.04
ACH-001643	2.66
ACH-001645	4.64
ACH-001647	2.97
ACH-001648	3.7
ACH-001649	2.35
ACH-001650	1.05
ACH-001651	3.99
ACH-001652	3.95
ACH-001653	3.97
ACH-001654	4.79
ACH-001655	3.04
ACH-001656	4.2
ACH-001662	3.63
ACH-001664	87.55
ACH-001667	1.85
ACH-001668	2.27
ACH-001669	66.49
ACH-001670	2.7
ACH-001671	1.82
ACH-001672	4.33
ACH-001673	3.5
ACH-001674	2.45
ACH-001675	1.83
ACH-001676	2.07
ACH-001677	2.39
ACH-001678	64.8
ACH-001679	3.74
ACH-001680	2.47
ACH-001683	2.2
ACH-001684	2.21
ACH-001685	1.97
ACH-001686	4.69
ACH-001687	3.34
ACH-001688	3.66
ACH-001690	2.84
ACH-001691	2.66
ACH-001692	3.2
ACH-001693	4.11
ACH-001694	2.37
ACH-001695	2.11
ACH-001696	2.55
ACH-001697	2.4
ACH-001698	3.33
ACH-001699	2.3
ACH-001700	2.38
ACH-001701	1.89
ACH-001702	2.43
ACH-001703	2.74
ACH-001704	1.55
ACH-001705	2.16
ACH-001707	1.64
ACH-001708	4.86
ACH-001709	46.02
ACH-001711	2.26
ACH-001712	1.95
ACH-001715	3.47
ACH-001716	6.01
ACH-001719	44.82
ACH-001735	44.77
ACH-001736	1.79
ACH-001737	30.31
ACH-001738	35.06
ACH-001740	3.08
ACH-001745	2.28
ACH-001750	2.81
ACH-001751	4.02
ACH-001765	2.24
ACH-001767	4.42
ACH-001786	88.0
ACH-001791	1.86
ACH-001793	1.34
ACH-001794	2.43
ACH-001795	3.24
ACH-001796	3.42
ACH-001799	2.09
ACH-001802	2.05
ACH-001804	2.77
ACH-001807	3.59
ACH-001813	2.01
ACH-001814	2.49
ACH-001817	2.23
ACH-001818	1.65
ACH-001819	3.04
ACH-001820	4.61
ACH-001828	1.84
ACH-001834	5.06
ACH-001835	4.86
ACH-001836	6.13
ACH-001838	2.36
ACH-001839	6.34
ACH-001841	2.64
ACH-001842	4.0
ACH-001843	3.25
ACH-001844	2.7
ACH-001845	3.74
ACH-001846	3.53
ACH-001847	3.85
ACH-001848	3.36
ACH-001849	3.6
ACH-001850	4.44
ACH-001852	4.1
ACH-001853	3.47
ACH-001854	5.31
ACH-001855	4.85
ACH-001856	3.86
ACH-001857	3.46
ACH-001858	3.64
ACH-001861	4.47
ACH-001862	4.18
ACH-001863	1.97
ACH-001864	2.97
ACH-001949	2.31
ACH-001953	1.95
ACH-001958	0.66
ACH-001959	3.88
ACH-001960	3.2
ACH-001961	3.1
ACH-001970	3.42
ACH-001971	3.79
ACH-001972	2.54
ACH-001973	3.16
ACH-001974	1.67
ACH-001975	2.13
ACH-001976	2.43
ACH-001977	2.28
ACH-001978	1.96
ACH-001979	1.99
ACH-001980	1.99
ACH-001981	2.03
ACH-001982	2.21
ACH-001983	2.33
ACH-001984	2.48
ACH-001985	2.37
ACH-001986	1.74
ACH-001987	2.03
ACH-001988	2.21
ACH-001989	1.73
ACH-001990	1.98
ACH-001991	4.17
ACH-001992	2.24
ACH-001993	2.71
ACH-001994	2.06
ACH-001996	2.12
ACH-001997	3.25
ACH-001999	2.66
ACH-002001	2.76
ACH-002002	2.49
ACH-002003	2.38
ACH-002004	2.24
ACH-002005	2.38
ACH-002010	47.7
ACH-002011	3.69
ACH-002013	2.22
ACH-002014	1.5
ACH-002015	2.03
ACH-002016	1.67
ACH-002017	1.95
ACH-002018	1.86
ACH-002019	2.35
ACH-002020	2.69
ACH-002021	3.01
ACH-002023	2.75
ACH-002024	3.13
ACH-002025	2.55
ACH-002026	82.27
ACH-002027	59.91
ACH-002029	3.03
ACH-002030	2.85
ACH-002033	2.66
ACH-002034	2.61
ACH-002035	2.38
ACH-002036	2.75
ACH-002038	3.94
ACH-002039	2.42
ACH-002040	3.36
ACH-002041	2.8
ACH-002042	2.45
ACH-002043	2.96
ACH-002044	2.74
ACH-002045	3.26
ACH-002046	2.87
ACH-002047	2.35
ACH-002048	2.48
ACH-002050	2.48
ACH-002051	3.07
ACH-002052	3.19
ACH-002055	6.12
ACH-002058	1.98
ACH-002059	64.18
ACH-002060	13.59
ACH-002061	2.71
ACH-002062	2.35
ACH-002065	2.62
ACH-002066	2.76
ACH-002067	2.83
ACH-002069	4.43
ACH-002070	2.3
ACH-002074	2.19
ACH-002075	2.39
ACH-002077	2.25
ACH-002080	2.69
ACH-002083	0.67
ACH-002084	2.73
ACH-002089	3.01
ACH-002090	0.78
ACH-002091	0.78
ACH-002092	0.54
ACH-002093	1.05
ACH-002094	0.64
ACH-002095	0.62
ACH-002096	0.8
ACH-002097	0.78
ACH-002098	0.96
ACH-002099	1.03
ACH-002100	1.2
ACH-002101	2.66
ACH-002102	0.77
ACH-002103	0.58
ACH-002104	0.62
ACH-002105	0.81
ACH-002106	0.92
ACH-002107	0.67
ACH-002108	0.71
ACH-002109	1.01
ACH-002110	0.73
ACH-002111	0.87
ACH-002112	0.78
ACH-002113	0.88
ACH-002114	0.62
ACH-002115	0.53
ACH-002116	0.63
ACH-002117	0.41
ACH-002118	0.6
ACH-002119	0.89
ACH-002120	0.87
ACH-002121	0.98
ACH-002122	1.06
ACH-002123	0.82
ACH-002124	0.46
ACH-002125	0.82
ACH-002126	0.7
ACH-002127	0.93
ACH-002128	0.53
ACH-002129	1.14
ACH-002130	0.37
ACH-002131	1.56
ACH-002132	0.45
ACH-002133	0.71
ACH-002134	0.73
ACH-002135	0.78
ACH-002136	0.74
ACH-002139	1.48
ACH-002140	1.99
ACH-002141	2.09
ACH-002142	1.3
ACH-002143	1.02
ACH-002144	1.21
ACH-002145	1.04
ACH-002146	1.13
ACH-002147	0.87
ACH-002148	1.06
ACH-002149	1.56
ACH-002150	8.99
ACH-002151	0.66
ACH-002152	1.18
ACH-002153	0.59
ACH-002154	0.45
ACH-002155	1.24
ACH-002156	1.46
ACH-002157	1.39
ACH-002159	0.47
ACH-002160	12.4
ACH-002161	1.33
ACH-002162	1.18
ACH-002163	1.77
ACH-002164	1.26
ACH-002165	1.0
ACH-002166	9.39
ACH-002167	1.38
ACH-002168	0.93
ACH-002169	0.95
ACH-002170	2.4
ACH-002171	3.09
ACH-002173	0.64
ACH-002174	1.25
ACH-002175	0.96
ACH-002177	3.29
ACH-002178	0.77
ACH-002179	39.86
ACH-002180	1.16
ACH-002181	3.0
ACH-002182	1.0
ACH-002183	0.84
ACH-002186	0.77
ACH-002187	0.59
ACH-002188	0.73
ACH-002189	29.69
ACH-002190	0.53
ACH-002191	1.1
ACH-002192	0.65
ACH-002193	1.71
ACH-002195	0.65
ACH-002196	1.39
ACH-002197	1.57
ACH-002198	1.42
ACH-002199	1.12
ACH-002200	0.92
ACH-002201	1.28
ACH-002202	1.43
ACH-002204	0.83
ACH-002205	1.01
ACH-002206	0.68
ACH-002207	0.73
ACH-002209	1.59
ACH-002210	1.06
ACH-002211	1.95
ACH-002212	0.39
ACH-002213	1.3
ACH-002214	2.38
ACH-002215	2.01
ACH-002216	1.42
ACH-002218	1.06
ACH-002220	1.04
ACH-002221	2.31
ACH-002222	69.58
ACH-002223	1.28
ACH-002224	0.75
ACH-002225	0.77
ACH-002226	0.58
ACH-002227	0.4
ACH-002228	0.82
ACH-002229	0.42
ACH-002230	1.19
ACH-002231	1.2
ACH-002232	74.71
ACH-002233	0.95
ACH-002234	1.04
ACH-002235	2.15
ACH-002236	4.13
ACH-002237	1.95
ACH-002238	74.66
ACH-002239	0.83
ACH-002240	1.26
ACH-002241	1.27
ACH-002242	0.84
ACH-002243	3.44
ACH-002244	1.62
ACH-002245	0.82
ACH-002246	0.32
ACH-002247	1.19
ACH-002248	1.71
ACH-002249	0.84
ACH-002250	1.3
ACH-002252	4.45
ACH-002253	0.56
ACH-002254	1.36
ACH-002255	0.9
ACH-002256	35.87
ACH-002257	1.16
ACH-002258	1.57
ACH-002259	1.29
ACH-002261	1.3
ACH-002262	1.58
ACH-002263	1.2
ACH-002264	1.12
ACH-002265	1.38
ACH-002266	0.63
ACH-002267	1.85
ACH-002268	0.88
ACH-002269	0.64
ACH-002270	1.18
ACH-002271	1.95
ACH-002272	81.88
ACH-002273	1.52
ACH-002274	1.76
ACH-002275	39.7
ACH-002276	1.53
ACH-002277	0.79
ACH-002278	0.93
ACH-002279	0.8
ACH-002280	2.76
ACH-002281	1.6
ACH-002282	0.53
ACH-002283	3.9
ACH-002284	0.77
ACH-002285	0.79
ACH-002286	1.7
ACH-002287	80.38
ACH-002288	1.08
ACH-002289	0.96
ACH-002290	2.57
ACH-002291	2.36
ACH-002292	1.72
ACH-002293	1.84
ACH-002294	0.84
ACH-002295	1.53
ACH-002296	1.38
ACH-002297	0.91
ACH-002298	1.32
ACH-002299	0.87
ACH-002300	1.5
ACH-002301	1.68
ACH-002302	1.29
ACH-002304	0.85
ACH-002305	1.18
ACH-002306	0.76
ACH-002307	2.04
ACH-002308	0.75
ACH-002309	0.81
ACH-002310	0.99
ACH-002311	1.37
ACH-002312	1.76
ACH-002313	1.22
ACH-002314	1.44
ACH-002316	1.46
ACH-002317	2.77
ACH-002336	1.29
ACH-002337	0.66
ACH-002339	1.02
ACH-002340	2.02
ACH-002342	1.0
ACH-002343	1.12
ACH-002344	0.86
ACH-002345	2.75
ACH-002346	1.24
ACH-002347	1.17
ACH-002348	3.74
ACH-002349	3.6
ACH-002350	1.2
ACH-002351	1.16
ACH-002352	1.46
ACH-002353	1.15
ACH-002354	0.81
ACH-002355	0.7
ACH-002356	1.02
ACH-002357	1.11
ACH-002358	0.97
ACH-002360	0.87
ACH-002361	1.31
ACH-002362	2.4
ACH-002363	1.06
ACH-002364	1.55
ACH-002365	0.74
ACH-002366	1.08
ACH-002367	0.69
ACH-002368	1.31
ACH-002369	1.07
ACH-002370	0.92
ACH-002372	1.18
ACH-002374	0.99
ACH-002376	0.74
ACH-002377	1.56
ACH-002379	1.11
ACH-002380	0.86
ACH-002381	3.86
ACH-002382	1.69
ACH-002383	0.81
ACH-002386	1.2
ACH-002387	1.2
ACH-002388	0.9
ACH-002389	0.55
ACH-002392	0.78
ACH-002397	1.71
ACH-002399	2.26
ACH-002400	3.75
ACH-002401	1.97
ACH-002403	4.57
ACH-002404	5.45
ACH-002405	5.81
ACH-002407	5.0
ACH-002409	5.4
ACH-002419	3.54
ACH-002431	4.11
ACH-002433	2.12
ACH-002435	2.22
ACH-002438	1.39
ACH-002440	4.9
ACH-002444	6.51
ACH-002445	6.07
ACH-002446	2.71
ACH-002458	2.17
ACH-002459	1.55
ACH-002460	1.51
ACH-002461	3.36
ACH-002462	4.16
ACH-002463	2.02
ACH-002464	1.68
ACH-002465	2.03
ACH-002466	3.86
ACH-002467	2.91
ACH-002470	2.48
ACH-002471	2.23
ACH-002475	2.76
ACH-002478	2.24
ACH-002485	2.56
ACH-002486	2.34
ACH-002490	2.62
ACH-002497	2.27
ACH-002499	2.41
ACH-002500	1.96
ACH-002501	1.91
ACH-002508	2.1
ACH-002509	3.52
ACH-002510	2.17
ACH-002511	2.19
ACH-002512	1.82
ACH-002522	2.7
ACH-002523	2.12
ACH-002524	2.49
ACH-002526	3.11
ACH-002528	2.16
ACH-002530	2.74
ACH-002531	2.56
ACH-002532	2.78
ACH-002533	2.75
ACH-002535	3.51
ACH-002538	3.13
ACH-002539	2.91
ACH-002543	2.36
ACH-002544	3.36
ACH-002643	2.95
ACH-002647	1.77
ACH-002648	2.04
ACH-002650	3.39
ACH-002651	2.55
ACH-002653	2.12
ACH-002654	2.18
ACH-002659	2.39
ACH-002660	2.76
ACH-002662	2.52
ACH-002664	2.49
ACH-002665	3.13
ACH-002667	4.6
ACH-002668	2.8
ACH-002669	2.24
ACH-002672	2.24
ACH-002675	2.33
ACH-002676	2.22
ACH-002677	2.51
ACH-002678	2.55
ACH-002680	2.18
ACH-002681	1.71
ACH-002687	2.09
ACH-002688	2.51
ACH-002689	1.44
ACH-002690	2.23
ACH-002693	2.18
ACH-002695	2.4
ACH-002703	2.7
ACH-002705	2.15
ACH-002706	2.76
ACH-002709	4.15
ACH-002710	2.22
ACH-002711	1.97
ACH-002716	3.15
ACH-002778	2.6
ACH-002780	2.78
ACH-002781	2.72
ACH-002782	2.09
ACH-002784	3.24
ACH-002785	3.36
ACH-002787	2.07
ACH-002790	2.75
ACH-002792	2.31
ACH-002794	1.89
ACH-002795	2.23
ACH-002796	2.42
ACH-002798	2.56
ACH-002799	3.69
ACH-002800	2.38
ACH-002801	2.11
ACH-002802	2.3
ACH-002806	1.9
ACH-002834	2.44
ACH-002843	2.28
ACH-002846	2.37
ACH-002847	1.93
ACH-002886	82.96
ACH-002921	2.07
ACH-002922	2.0
ACH-002924	1.71
ACH-002925	2.3
ACH-002926	2.16
ACH-002927	2.22
ACH-002928	1.12
ACH-002932	4.61
ACH-002936	2.55
ACH-002937	4.22
ACH-002946	2.36
ACH-002994	2.83
ACH-002996	4.6
ACH-003012	1.87
ACH-003061	1.9
ACH-003071	4.74
ACH-003099	2.25
ACH-003100	2.74
ACH-003101	2.15
ACH-003103	2.36
ACH-003105	1.89
ACH-003106	3.06
ACH-003107	3.34
ACH-003108	2.55
ACH-003111	3.67
ACH-003119	2.32
ACH-003120	2.0
ACH-003121	2.3
ACH-003125	2.72
ACH-003177	3.12
ACH-003180	2.75
ACH-003181	2.02
ACH-003183	2.27
ACH-003184	2.1
ACH-003191	2.2
ACH-003273	2.08
ACH-003308	3.93
ACH-003426	3.95
ACH-003429	5.59
ACH-003430	4.27
ACH-003433	3.63
ACH-003437	4.16
ACH-003438	4.23
ACH-003451	3.55
ACH-003455	3.74
ACH-003456	3.25
ACH-003458	3.18
ACH-003459	3.09
ACH-003460	5.29
ACH-003463	2.17
ACH-003465	2.28
ACH-003468	5.61
ACH-003469	4.69
ACH-003470	4.25
ACH-003471	4.01
ACH-003472	4.82
ACH-003473	3.97
ACH-003474	4.39
ACH-003475	3.18
ACH-003476	3.84
ACH-003480	3.53
