pathway	gene	weight
Androgen	TMPRSS2	11.4906307374
Androgen	NKX3-1	10.6225511027
Androgen	MBOAT2	10.4727329721
Androgen	KLK2	10.176185878
Androgen	SARG	11.3868523945
Androgen	SLC38A4	7.36380493768
Androgen	MTMR9	6.13064559946
Androgen	ZBTB16	10.6144369438
Androgen	KCNN2	9.4731988889
Androgen	OPRK1	-5.62607353634
Androgen	ADAM7	3.11174530687
Androgen	ABCC4	9.37428478112
Androgen	MYBPC1	4.60857869284
Androgen	EAF2	6.94490738852
Androgen	KLK3	14.6068407674
Androgen	OTULINL	7.7082177175
Androgen	PEX10	5.74946026182
Androgen	SI	-5.79500307445
Androgen	SNAI2	19.8215089854
Androgen	CAMKK2	3.73954403123
Androgen	BMPR1B	4.63408450531
Androgen	F5	6.087825897
Androgen	LIFR	8.6125146918
Androgen	MAK	5.31367285271
Androgen	GNMT	5.67263863695
Androgen	MPC2	5.88831328709
Androgen	CTNNA2	3.86912654352
Androgen	CLDN8	7.82616312833
Androgen	LRRFIP2	4.14418717192
Androgen	LRRC31	-5.18102258915
Androgen	LPAR3	5.84827847574
Androgen	SLC15A2	5.13992665138
Androgen	ELL2	6.5675774538
Androgen	IGF1R	5.01152202997
Androgen	DNM1L	4.18867959332
Androgen	LRIG1	6.62607205612
Androgen	SLITRK3	-3.32064361336
Androgen	KCNMA1	3.54241990608
Androgen	NPPC	4.04611571241
Androgen	ELK4	2.73317183336
Androgen	MRPS18A	3.92493588807
Androgen	CBLL1	5.32543758834
Androgen	AFF3	2.48009244085
Androgen	SGK1	12.8168418138
Androgen	STK39	6.93412462041
Androgen	PMEPA1	10.9989122239
Androgen	MALT1	6.66978209415
Androgen	CDK8	-4.29086828336
Androgen	CROT	4.35830672292
Androgen	PGC	4.7496332151
Androgen	STEAP4	9.19433931111
Androgen	NSMAF	3.28454451793
Androgen	GPR63	-3.22759309882
Androgen	TLL1	-2.46391807731
Androgen	MAF	5.86387138398
Androgen	DHCR24	6.84300840294
Androgen	FRK	4.70024893522
Androgen	CENPN	8.49101673326
Androgen	SORD	5.77756578443
Androgen	IQGAP2	5.12448342846
Androgen	MPHOSPH9	5.10619862739
Androgen	HOXC13	-3.63425580489
Androgen	CHRNA2	3.3317016194
Androgen	CTBP1	-2.89217188229
Androgen	KLF15	2.83253408437
Androgen	ACSL3	8.25821358567
Androgen	TPD52	4.54571137515
Androgen	SPDEF	3.75095128457
Androgen	FZD5	4.68661955181
Androgen	GRIK1	-1.64651345517
Androgen	CSGALNACT1	6.84603443294
Androgen	DNASE2B	3.01132858824
Androgen	PHF8	1.86964493558
Androgen	ARHGEF26	5.31107976025
Androgen	UAP1	7.62235942884
Androgen	ECI2	4.26810222296
Androgen	ADPRM	4.13348871896
Androgen	GRHL2	4.29572486397
Androgen	ENDOD1	6.51615227021
Androgen	NCAPD3	8.44090141153
Androgen	AZGP1	5.81835009695
Androgen	ACP3	-3.01472809845
Androgen	TSPAN3	-3.04694823602
Androgen	IGF1	2.68011765402
Androgen	PDE9A	2.90020939568
Androgen	SYTL2	-5.38953615735
Androgen	PPP2CB	2.35261800325
Androgen	MYNN	-2.91880437202
Androgen	RAB3B	4.39309957965
Androgen	SEC14L2	4.38852738911
Androgen	PSMD8	3.65732836091
Androgen	UBE2J1	3.76002103397
Androgen	FUT8	-4.40595359044
Androgen	PAK1IP1	7.6919315634
Androgen	MANEA	-4.00414637037
Androgen	GCG	-2.17133592689
Androgen	SELENOP	6.33678058131
Androgen	TRPM8	3.83541868895
Androgen	SCAP	2.92921089044
Androgen	MCCC2	2.80800480204
EGFR	LZTFL1	-1.8738769292529627
EGFR	PHLDA2	3.5051383414014112
EGFR	DUSP6	12.629312588446037
EGFR	DUSP5	7.943039506997307
EGFR	PHLDA1	6.619626128742468
EGFR	CRIPT	-2.0449378698683227
EGFR	DUSP4	6.967179671474087
EGFR	EPHA2	5.4111841020654285
EGFR	MCCC1	-2.17032352979398
EGFR	HAS3	2.923737765119489
EGFR	VAV3	-3.386485036216109
EGFR	FOSL1	7.647829795338416
EGFR	SENP7	-2.1103437828969924
EGFR	BZW1	2.746151949488983
EGFR	EGR4	2.9530763854223228
EGFR	POT1	-1.8333008584025585
EGFR	LAMC2	3.9201157234022683
EGFR	ATG2B	-1.6455804469932764
EGFR	NR1D2	-3.0832724486774854
EGFR	LARP7	-0.9170774557824304
EGFR	MYO1A	0.9947781195140429
EGFR	GOLPH3L	-2.7415248706060975
EGFR	NHSL3	-2.506941467337292
EGFR	ADORA1	1.2678100083900095
EGFR	RABGAP1	-1.2694002588993438
EGFR	SYF2	-1.4076357524680667
EGFR	BBIP1	-1.184318958232922
EGFR	PCMTD2	-2.1953754463259614
EGFR	CHRNA10	0.689980899769992
EGFR	MARF1	-2.2984685174468558
EGFR	RETREG3	-2.1223177844002925
EGFR	PNP	4.643619941645966
EGFR	ATXN3	-1.2742786737691196
EGFR	ETFDH	-1.668458754983148
EGFR	SPOCD1	4.295689401219409
EGFR	NBR1	-1.997203364164864
EGFR	TRIB1	3.917794383276805
EGFR	ELF2	-1.3429287000126269
EGFR	PLEK2	3.4392569636028694
EGFR	CLDN8	-2.018707848487331
EGFR	ZNF224	-1.3973098554739216
EGFR	CBARP	0.9794424786218807
EGFR	RNF146	-2.1708211640021235
EGFR	EAPP	-2.2398997303308854
EGFR	BSDC1	-1.2693689680961624
EGFR	RAB33B	-1.7836428159636903
EGFR	MBTPS1	-1.4066013754786937
EGFR	MDFI	1.1601090725994416
EGFR	KCNF1	1.5758757301367112
EGFR	RBM48	-1.0537742383023745
EGFR	KLHDC2	-3.593929654559083
EGFR	AEN	2.987402897428214
EGFR	PWP2	1.1724883837862146
EGFR	DYNC2LI1	-1.4302386019583069
EGFR	CCDC28A	-3.1018147713203996
EGFR	EFHC1	-2.0346036601314106
EGFR	XRCC3	1.487957075070578
EGFR	SPATA2L	1.7564976683917297
EGFR	SLC45A3	1.902438901805597
EGFR	WDR19	-1.4937894240640512
EGFR	TRH	0.7719646613807655
EGFR	TMEM59	-1.864066426580397
EGFR	CEPT1	-0.9945937341242642
EGFR	ZNF75D	-1.3158194734458744
EGFR	TUBB4B	4.084510207636249
EGFR	HMOX2	1.7196379725677713
EGFR	ODC1	4.678550828963831
EGFR	EXD3	0.7799245134709468
EGFR	RCOR3	-1.6707723934808358
EGFR	ZNF350	-1.2635000674740438
EGFR	DCAF13	1.4342329570502361
EGFR	N4BP2L2	-1.5940146460304414
EGFR	AJUBA	-3.1932646626203125
EGFR	MMUT	-1.6908695700558949
EGFR	CFL1	1.3292454786626662
EGFR	GPR75	1.0370395152926324
EGFR	TRIM52	-2.012160331907214
EGFR	ZNF451	-1.0560068807443646
EGFR	GRAMD1C	-2.7970919926897237
EGFR	C2CD5	-1.9390430701590122
EGFR	ZNF571	-1.903966941985998
EGFR	FAM200C	-3.1168487742826496
EGFR	PTHLH	3.6139766530130992
EGFR	CARF	-1.6012840814043696
EGFR	SH2D5	2.4321329761194748
EGFR	ZSCAN31	-3.1000917088831597
EGFR	MYEOV	1.7266324343740325
EGFR	PNISR	-1.5953880431843823
EGFR	TTC33	-1.3844089815723284
EGFR	DSPP	2.3503871126951883
EGFR	ANAPC16	-1.821018358054228
EGFR	EGR3	6.271415501113189
EGFR	FOXN3	-1.679543012599012
EGFR	PEX1	-1.6616624090615761
EGFR	TOMM34	1.8059787929874918
EGFR	ABHD18	-1.2730325781368033
EGFR	NPNT	-1.8713559663434385
EGFR	SUDS3	-2.195319617651939
EGFR	GABARAPL1	-2.959643453525015
EGFR	AUH	-2.194003514605811
Estrogen	GREB1	17.2401728397
Estrogen	TFF1	14.4302547293
Estrogen	RET	10.7180267789
Estrogen	HEY2	11.4823694969
Estrogen	RAPGEFL1	10.544895916
Estrogen	PGR	8.52814244888
Estrogen	C5AR2	4.7330543263
Estrogen	CXCL12	12.4776735289
Estrogen	TPD52L1	10.085513349
Estrogen	NPY1R	10.6645059299
Estrogen	MYB	9.4277805658
Estrogen	CALCR	5.39627356601
Estrogen	IL17RB	11.4189859122
Estrogen	SNX24	6.89935571746
Estrogen	ARL3	3.95094805128
Estrogen	TGFB3	-5.33026789517
Estrogen	OLFM1	3.75243310871
Estrogen	NKAIN1	4.73154567799
Estrogen	FKBP4	8.25832988113
Estrogen	IGFBP4	11.6514913965
Estrogen	ERBB3	-4.88074044723
Estrogen	CTNND2	-3.55466409986
Estrogen	SIAH2	9.43676093773
Estrogen	SLC22A5	7.73829566495
Estrogen	NR5A2	5.15006194006
Estrogen	MSMB	4.54908081939
Estrogen	ELOVL2	8.69057624608
Estrogen	COMT	-3.05468575187
Estrogen	CELSR2	8.66914415272
Estrogen	EPS15L1	3.14164436919
Estrogen	GLA	8.44185876447
Estrogen	DSCAM	4.14288012519
Estrogen	ABCC5	-4.8549878295
Estrogen	PRSS23	8.75522282336
Estrogen	RLN2	6.71852324093
Estrogen	SLC25A24	3.66548160476
Estrogen	DEPTOR	7.46377846634
Estrogen	NRIP1	10.0200104925
Estrogen	PCP4	6.36520077341
Estrogen	ARMCX6	3.3639024049
Estrogen	MISP	-4.33416825574
Estrogen	CA12	8.41357762757
Estrogen	EPB41L5	-3.43451140317
Estrogen	MYO1B	-5.4741888205
Estrogen	SH3BP4	-4.87774227508
Estrogen	RNF43	-5.41598767784
Estrogen	TASOR2	4.93576703606
Estrogen	DDX10	4.62695785919
Estrogen	MED13L	3.83741058189
Estrogen	UPK2	-3.38692225002
Estrogen	ADORA1	5.02379225883
Estrogen	KCNJ3	-2.98207081773
Estrogen	ASB13	6.99394259362
Estrogen	PLPP2	-4.47476054597
Estrogen	CEP43	2.46840962977
Estrogen	IL1R1	-6.86624961006
Estrogen	XBP1	5.71530844515
Estrogen	CAP2	5.01154709433
Estrogen	RHBDF1	-3.65846843274
Estrogen	ZNF552	2.88661715189
Estrogen	CAB39L	-4.12631179667
Estrogen	RAB27B	-5.88914566171
Estrogen	PLAC1	5.06711601484
Estrogen	RAB9A	-6.00777315701
Estrogen	HDAC7	-2.03748800346
Estrogen	ZDHHC7	-4.83093256313
Estrogen	SIDT1	-4.23204663804
Estrogen	RARA	3.02158025348
Estrogen	EEIG1	5.76083870514
Estrogen	WWC1	5.58743801371
Estrogen	ELF5	-3.21644433313
Estrogen	CTR9	4.82318209378
Estrogen	KIAA0513	-3.62315496931
Estrogen	SEC14L2	5.23907790111
Estrogen	MYH14	-2.13654612134
Estrogen	MPPED2	3.91502173549
Estrogen	RBBP8	6.83400284824
Estrogen	TLE1	-4.10217257102
Estrogen	TMEM135	-3.50320154881
Estrogen	FRK	4.90037712333
Estrogen	ADCY9	3.2478819979
Estrogen	EGR3	16.0776973153
Estrogen	TIAM1	4.47348368321
Estrogen	CASP9	-2.43538830188
Estrogen	CLDN9	-2.08481449153
Estrogen	WFS1	4.21639521035
Estrogen	SLC7A5	11.2240689529
Estrogen	PPIF	10.130802152
Estrogen	CLDN4	-3.82821711919
Estrogen	GATA3	-6.00468746718
Estrogen	RCL1	4.21924727177
Estrogen	PIK3R3	-5.49749606658
Estrogen	SLC9A1	-2.59442657319
Estrogen	SDK2	1.87704625885
Estrogen	TACC1	-3.37486737164
Estrogen	ATP2A3	-2.88202583781
Estrogen	ESR1	-1.30445244618
Estrogen	KCNK5	4.65682787894
Estrogen	SGCG	-4.18181325248
Estrogen	STC2	10.2860517134
Hypoxia	PDK1	13.120449402558766
Hypoxia	ANKRD37	8.48497615199521
Hypoxia	FAM162A	8.33555155151556
Hypoxia	BNIP3L	14.120302370563392
Hypoxia	ENO2	14.326939818224215
Hypoxia	ANKZF1	7.3581628655820355
Hypoxia	NDRG1	22.08711949313988
Hypoxia	INSIG2	13.562193843210398
Hypoxia	FUT11	11.170582164162454
Hypoxia	KDM3A	10.850752743976678
Hypoxia	PFKFB4	8.940270838819915
Hypoxia	GBE1	9.711499344287045
Hypoxia	EGLN1	9.594450021663095
Hypoxia	PGK1	9.993991393929369
Hypoxia	HILPDA	16.707123547646272
Hypoxia	PLOD2	13.600144008727044
Hypoxia	RLF	7.070285475179907
Hypoxia	ALDOC	13.161523644516663
Hypoxia	ERO1A	9.698198187800116
Hypoxia	BHLHE40	15.242359597309465
Hypoxia	ALDOA	7.654678080881261
Hypoxia	BNIP3	19.41797403956135
Hypoxia	GPI	8.549580220186382
Hypoxia	PLOD1	6.610224848855331
Hypoxia	SLC2A1	8.67915398023849
Hypoxia	KDM4B	3.6502093225821697
Hypoxia	ZNF395	8.060934043547565
Hypoxia	P4HA1	11.06765669269899
Hypoxia	PPFIA4	10.837614563420766
Hypoxia	EGLN3	11.655727921145276
Hypoxia	VLDLR	10.266334142486112
Hypoxia	VEGFA	10.612898925768754
Hypoxia	EFNA3	4.211740089377879
Hypoxia	PFKFB3	14.547192077328102
Hypoxia	MXI1	10.860921454642893
Hypoxia	WDR45B	4.504362332270949
Hypoxia	WSB1	7.024224347672526
Hypoxia	LDHA	7.653450321804332
Hypoxia	AK4	9.693023500676851
Hypoxia	NCKIPSD	2.336982502347681
Hypoxia	PGM1	7.88583461642632
Hypoxia	SLC25A36	5.329043990266979
Hypoxia	YEATS2	5.353127516506888
Hypoxia	ANGPTL4	12.640690645582348
Hypoxia	TMEM45A	17.87680015652248
Hypoxia	NGLY1	3.5046086484829
Hypoxia	VKORC1	5.41943367385705
Hypoxia	SEC61G	4.741112933827921
Hypoxia	ENO1	6.103862987397812
Hypoxia	C8ORF58	3.1078714347082625
Hypoxia	CFAP96	6.053300922097778
Hypoxia	MAPK7	2.63190452108407
Hypoxia	PDK3	4.399750738661217
Hypoxia	CA9	13.961067838986262
Hypoxia	ZNF292	6.02393811187105
Hypoxia	GAPDH	5.046552543867155
Hypoxia	PFKP	9.233200905574463
Hypoxia	NRN1	6.727516861287743
Hypoxia	SPAG4	10.213071470614544
Hypoxia	RIOK3	3.730301284236218
Hypoxia	P4HA2	6.2803435571622455
Hypoxia	ARLN	7.437918887870261
Hypoxia	ZNF160	2.713924225105919
Hypoxia	WDR54	5.695501641785151
Hypoxia	MPI	3.502165309241745
Hypoxia	CLK3	3.564013767080937
Hypoxia	PFKL	3.5446163885829014
Hypoxia	ADM	17.825696141131807
Hypoxia	NOL3	3.9380295361169138
Hypoxia	DARS1	3.670815844180791
Hypoxia	PKM	4.745179717324236
Hypoxia	PGAM1	6.378265135027698
Hypoxia	RAB20	4.256260325236859
Hypoxia	SAP30	2.905750987571088
Hypoxia	LOX	7.461207816237273
Hypoxia	RBPJ	3.8514567458207236
Hypoxia	CRKL	2.554734213406757
Hypoxia	NARF	4.09514912532848
Hypoxia	FBXO42	2.2572287329470258
Hypoxia	RORA	4.508771760265728
Hypoxia	GYS1	4.922863343877431
Hypoxia	RNF24	3.8530589421282513
Hypoxia	ZNF654	4.28806196320664
Hypoxia	PRSS53	1.9745062323810543
Hypoxia	FAM13A	5.094179820464756
Hypoxia	POP4	-2.314412633667518
Hypoxia	ZMPSTE24	-4.392340277526979
Hypoxia	PPP2R5B	3.482583396179474
Hypoxia	PAM	6.2642963862461665
Hypoxia	ZBTB25	3.4190588078493094
Hypoxia	TMX2	-3.6979440175759075
Hypoxia	FLAD1	-3.2942166219182485
Hypoxia	CCNG2	7.325840669282846
Hypoxia	QRSL1	-2.2452978076758083
Hypoxia	LOXL2	4.608767866597851
Hypoxia	DOLK	-3.464171671590372
Hypoxia	KDM4C	2.258150961667626
Hypoxia	BCKDK	2.645038791946143
Hypoxia	TBC1D9B	2.7205868593299334
Hypoxia	TPI1	3.7553822853297127
JAK-STAT	OAS1	15.02871458808529
JAK-STAT	HERC6	8.7696758787049
JAK-STAT	OAS3	10.618841819069107
JAK-STAT	PLSCR1	8.481603172606215
JAK-STAT	DDX60	12.198233209424696
JAK-STAT	TRIM21	6.674188117175322
JAK-STAT	SP110	8.678712721003516
JAK-STAT	RIGI	12.96537824941593
JAK-STAT	RSAD2	22.898727433412805
JAK-STAT	STAT1	9.083936566082984
JAK-STAT	IFI44	12.450862527212522
JAK-STAT	IFIT1	27.85136308886104
JAK-STAT	IFI44L	18.867155888745373
JAK-STAT	OAS2	9.624826433910476
JAK-STAT	SP100	4.476509316100021
JAK-STAT	IFI35	10.598535682064476
JAK-STAT	MX2	11.818703102625824
JAK-STAT	SAMHD1	7.133444858969064
JAK-STAT	ISG15	20.039033525061807
JAK-STAT	DDX60L	7.202283033122158
JAK-STAT	IFI6	12.579694504712801
JAK-STAT	NMI	7.432654587630982
JAK-STAT	USP18	12.17801175279867
JAK-STAT	IFIT3	20.592306560138873
JAK-STAT	IFI16	7.284513462846863
JAK-STAT	SAMD9	10.426219160315991
JAK-STAT	EIF2AK2	5.7230163248751165
JAK-STAT	XAF1	8.780286115021156
JAK-STAT	MX1	19.384131266493444
JAK-STAT	BST2	8.104993585472233
JAK-STAT	IFIH1	8.34769265175166
JAK-STAT	SLC25A28	3.9334616541440486
JAK-STAT	SHFL	5.478126049858063
JAK-STAT	RTP4	9.451139675812419
JAK-STAT	TDRD7	6.56664681954279
JAK-STAT	IFI27	11.20265458228107
JAK-STAT	IFIT5	7.948068935223525
JAK-STAT	IFITM1	13.943094211839188
JAK-STAT	UBE2L6	8.215585125993922
JAK-STAT	PML	3.608525276727841
JAK-STAT	BATF2	8.613495106102707
JAK-STAT	EPSTI1	12.08161764162436
JAK-STAT	APOL2	3.656057664879002
JAK-STAT	OASL	12.710727206366562
JAK-STAT	LAP3	7.3849588673353095
JAK-STAT	SLC15A3	4.260739183475992
JAK-STAT	IRF7	8.06937432090483
JAK-STAT	DHX58	4.909942134787099
JAK-STAT	HELZ2	4.762151884401938
JAK-STAT	ADAR	3.874928960702245
JAK-STAT	PARP14	6.397283812786976
JAK-STAT	TMEM62	2.3069352990793845
JAK-STAT	TRIM14	3.0379588513996647
JAK-STAT	SECTM1	5.9932298839983975
JAK-STAT	RNF114	2.491567548621603
JAK-STAT	APOL6	6.474920883034865
JAK-STAT	ETV7	4.779528161895114
JAK-STAT	TAP2	3.592260360584077
JAK-STAT	IFIT2	16.18714603519944
JAK-STAT	PARP9	8.715151859092401
JAK-STAT	IRF9	7.526584188931556
JAK-STAT	PHF11	3.8617313364104704
JAK-STAT	TAP1	9.777638343120818
JAK-STAT	TRIM5	3.4234903429741017
JAK-STAT	PSMB8	5.869684020695553
JAK-STAT	TRIM38	3.4927261463022377
JAK-STAT	APOL4	2.514465674898156
JAK-STAT	PARP12	6.944101053238898
JAK-STAT	SAMD9L	10.56289910330413
JAK-STAT	APOBEC3G	2.826463109697765
JAK-STAT	CMTR1	2.78086050029633
JAK-STAT	HERC5	9.119642406894489
JAK-STAT	STAT2	4.147176067876936
JAK-STAT	OGFR	2.042478137505971
JAK-STAT	GBP1	10.3986860770214
JAK-STAT	MYD88	4.3044307229500545
JAK-STAT	TRIM22	10.56745749719138
JAK-STAT	TMEM140	5.107141044091232
JAK-STAT	RNF213	4.9375160567301375
JAK-STAT	CMPK2	15.928771442465818
JAK-STAT	LAMP3	9.973230294016133
JAK-STAT	NLRC5	6.546845260659191
JAK-STAT	TRANK1	3.5888746849196402
JAK-STAT	ZBP1	1.9414515596319635
JAK-STAT	PRKD2	2.1554948782429326
JAK-STAT	APOL1	5.347499122701419
JAK-STAT	PSMB9	8.15851150604537
JAK-STAT	GBP4	8.084657669824605
JAK-STAT	CYP2J2	2.0935776003100353
JAK-STAT	TRIM25	3.4141309207242134
JAK-STAT	ZC3HAV1	5.133726992521155
JAK-STAT	ZNFX1	6.496398214168282
JAK-STAT	DTX3L	8.35841869796418
JAK-STAT	CNP	2.9606567575687763
JAK-STAT	SP140L	2.3378632539556277
JAK-STAT	APOL3	4.845007401792425
JAK-STAT	CXCL11	15.007662719331066
JAK-STAT	PLSCR2	1.5066712034746164
JAK-STAT	CASP4	2.426577480250146
JAK-STAT	IL22RA1	1.8206169415894118
MAPK	DUSP6	16.859015828017647
MAPK	SPRED2	3.5018346410222287
MAPK	SPRY2	9.481584748118907
MAPK	ETV5	5.988709605944221
MAPK	EPHA2	6.314012446660756
MAPK	PHLDA2	3.8582386537955657
MAPK	FOSL1	9.000522308632947
MAPK	SPRY4	10.114470537169142
MAPK	DUSP4	7.80481595969638
MAPK	SLCO4A1	4.084538143625351
MAPK	ETV4	5.293783978605425
MAPK	PHLDA1	7.045289228921083
MAPK	ETV1	3.5634647887567596
MAPK	TMEM59	-2.264272962584646
MAPK	SLC20A1	6.8103529671107825
MAPK	DUSP5	7.920030142583163
MAPK	STX1A	2.21515121358096
MAPK	ELK3	2.9961403928388033
MAPK	NT5E	5.838881390821937
MAPK	PHC2	2.3954010239131938
MAPK	C11ORF71	-2.3667576128473327
MAPK	GABARAP	-2.9616637855482773
MAPK	SPRED1	6.209948243764665
MAPK	TCOF1	2.2115780549288417
MAPK	BZW1	2.7810854305400725
MAPK	CCND1	6.263011605459956
MAPK	AREG	4.932286416376803
MAPK	UBA2	2.079878487903222
MAPK	TNFRSF10A	5.1730443268646376
MAPK	PWP2	1.3322121992984852
MAPK	PNP	4.91046403239136
MAPK	ECH1	-2.2897420836192053
MAPK	SH3BGRL	-2.723446509346065
MAPK	PBLD	-1.9776837829648106
MAPK	TRIB1	4.182943071629201
MAPK	GPR3	1.630829259668156
MAPK	NNT	-1.819728215447125
MAPK	HMGA2	3.7279710730494138
MAPK	POLR3G	2.829483976178096
MAPK	STX8	-1.1064064247318124
MAPK	YRDC	3.625646429254592
MAPK	DCBLD2	3.371515684787371
MAPK	SCPEP1	-1.9325651044928045
MAPK	SLC35F2	2.850982002272706
MAPK	BDH2	-2.4965908679407463
MAPK	ASB8	-1.6939961535174084
MAPK	LRP8	4.5130042760078135
MAPK	PIK3C2B	-2.752686572837634
MAPK	AEN	3.2161182645239066
MAPK	DAZAP2	-1.4077949825542642
MAPK	TOP1	3.633408800845867
MAPK	ENTR1	1.5641536768461877
MAPK	TRIM52	-2.201190386908435
MAPK	CDCA4	3.0102812615697476
MAPK	TNS3	-2.7264638130598553
MAPK	TMUB2	-1.6738161798694724
MAPK	FERMT1	2.333704655460279
MAPK	ARHGEF17	-1.3968910912288417
MAPK	SLC4A7	2.7094949939569104
MAPK	MAN2B2	-1.9176061372352162
MAPK	PRCP	-1.2786844411212896
MAPK	GRPEL1	2.669468752664872
MAPK	SIRT2	-1.3232831367857096
MAPK	RAB26	-3.4389782720448987
MAPK	XRCC3	1.543756562229699
MAPK	E2F3	2.034348475486911
MAPK	PRNP	2.597310807269854
MAPK	PRNP	2.597310807269854
MAPK	FAM149B1	-1.3423423225079836
MAPK	SIDT2	-2.7527108754400795
MAPK	LAMB2	-2.392879637488782
MAPK	LDLR	3.0739109857552878
MAPK	ZBTB3	-1.5691639732103673
MAPK	MCL1	3.012864995704336
MAPK	ZSCAN31	-3.3278642206561044
MAPK	WDR3	2.2991152990385255
MAPK	RAB5B	-2.0804506421112383
MAPK	CBFB	2.3399982054575696
MAPK	MCMBP	1.8875507351429295
MAPK	MCCC1	-1.9226763273753307
MAPK	SRP14	-1.5944123429577048
MAPK	SPG11	-1.337883684735978
MAPK	MIER2	0.9566403573575726
MAPK	KRR1	1.461707193553273
MAPK	NUP50	1.774710734835809
MAPK	GATAD2A	1.359238188294602
MAPK	BRIX1	2.8667490600742616
MAPK	FMO5	-1.497241656569774
MAPK	MGST3	-1.4528316817291829
MAPK	NHSL3	-2.2998986524877694
MAPK	UBASH3B	4.967624011652823
MAPK	DUSP7	2.452508263381348
MAPK	PBX1	-2.9996132648084775
MAPK	RNF138	2.3557422074445333
MAPK	KMT5A	1.7409748125000095
MAPK	STK17A	2.9405668773324174
MAPK	SMURF2	3.0301617625148576
MAPK	HMGA1	2.8687056823089896
MAPK	MPHOSPH6	2.2426215753709076
MAPK	PALS2	2.2426215753709076
NFkB	TNFAIP3	28.373752313465076
NFkB	CXCL2	9.403459957537173
NFkB	CCL20	36.69730786825934
NFkB	NFKBIA	11.444533714391747
NFkB	CXCL8	38.517928689387205
NFkB	RELB	7.779221973370105
NFkB	NFKB1	9.513636220891874
NFkB	TNFAIP2	10.910807391853327
NFkB	ICAM1	18.369385264106057
NFkB	IL6	21.77063543639199
NFkB	NFKBIE	8.211832847967157
NFkB	NFKB2	5.5155753818972135
NFkB	CXCL3	22.946114218850756
NFkB	SLC2A6	9.729988098735753
NFkB	NINJ1	8.012250578533656
NFkB	WTAP	3.7666344028884846
NFkB	BCL2A1	14.416924573771935
NFkB	BIRC3	12.457612174206727
NFkB	CD83	10.451370868343178
NFkB	TICAM1	3.492084673918129
NFkB	CXCL1	23.421858781118814
NFkB	RIPK2	5.979752130983626
NFkB	INHBA	12.467593656988873
NFkB	CSF2	5.903526277913062
NFkB	TNIP1	6.134726676621977
NFkB	DRAM1	9.547700357155104
NFkB	TRAF1	10.335576602944473
NFkB	IRAK2	5.3433916126853855
NFkB	TLR2	5.414219976041558
NFkB	TNF	18.639262059640444
NFkB	MSC	6.359206553032758
NFkB	IKBKE	3.341126887581698
NFkB	GCH1	14.02604366447971
NFkB	CXCL5	7.179647916578252
NFkB	IL1A	8.111290972216988
NFkB	BID	4.729823539227451
NFkB	PTX3	21.247895638880852
NFkB	EHD1	5.871607384295926
NFkB	CFLAR	4.016711588218758
NFkB	SDC4	8.153400364564936
NFkB	TNIP2	3.3107273514982913
NFkB	TNFSF15	6.245847275446876
NFkB	IFNGR2	6.022009724753868
NFkB	MAP3K8	7.399205364744481
NFkB	IL1RN	5.151579659685664
NFkB	CYLD	2.773314233756522
NFkB	IL23A	2.0729049235948827
NFkB	IL36G	9.826405557861253
NFkB	CCL2	17.56599183253551
NFkB	KYNU	6.404463605575106
NFkB	STAT5A	3.9865610031974703
NFkB	B4GALT1	2.536198717973617
NFkB	IL1B	21.65592931073416
NFkB	TNIP3	8.259340938257063
NFkB	IFNAR2	4.683318983298864
NFkB	HIVEP1	3.999714880025022
NFkB	NKX3-1	2.37298329930962
NFkB	CFB	6.31351994004626
NFkB	TRIP10	4.167561748826395
NFkB	CSF3	4.9031843413131
NFkB	IRF1	12.698009124870918
NFkB	TNFRSF9	5.996059048130458
NFkB	CXCL6	8.725401427371507
NFkB	NFKBIZ	15.12381583682296
NFkB	CD40	3.5202135906865246
NFkB	OLR1	7.842010286384952
NFkB	EFNA1	11.433295392016355
NFkB	C11ORF96	4.566226064903009
NFkB	LTB	3.1875687917698254
NFkB	EBI3	7.546185210064629
NFkB	IL7R	8.813312335270886
NFkB	UBE2Z	2.152932765652571
NFkB	SOCS3	4.511914558622972
NFkB	ELOVL7	8.792115753443438
NFkB	TIFA	5.1441124462482355
NFkB	REL	4.709972556739791
NFkB	IL32	10.452316416252055
NFkB	NFKBIB	2.0655958781216768
NFkB	STX11	4.525232449242859
NFkB	KMO	3.974235064546693
NFkB	ANKLE2	2.2119763224409037
NFkB	NECAP2	2.4427935008954034
NFkB	TNFAIP8	4.93682380456133
NFkB	TNFAIP6	19.182263460877042
NFkB	PPP4R4	2.427471574635709
NFkB	RNF19B	6.707004337290285
NFkB	HIVEP2	3.951426644106167
NFkB	SOD2	11.156150165377186
NFkB	ANKRD33B	4.494298724924975
NFkB	SGPP2	7.416978193844607
NFkB	BIRC2	4.0113793294825895
NFkB	CXCL11	15.834366797407496
NFkB	SLC11A2	2.686648038758446
NFkB	PRDM1	4.41653234664008
NFkB	SLC41A2	4.915006504014063
NFkB	TMEM217	3.3538132596283843
NFkB	IL15	5.146568092215358
NFkB	CD80	3.7956150755271807
NFkB	MARCKS	4.761373088876815
NFkB	IFIH1	6.0420364439095415
PI3K	MLANA	-9.985742932001383
PI3K	PMEL	-6.590348248199498
PI3K	FAXDC2	-12.421273827481306
PI3K	HSD17B8	-8.601570675649183
PI3K	CTSF	-9.172142735191038
PI3K	SPSB3	-6.533728558413287
PI3K	ATP6V1G2	-7.23734622762513
PI3K	TYR	-5.076854089275833
PI3K	GNPTG	-6.966609574481262
PI3K	INPP5K	-4.530098152991319
PI3K	WDR31	-3.9438387823292205
PI3K	PEX11G	-4.454613643249063
PI3K	DHRS12	-3.407349819095029
PI3K	NT5M	-3.9151305534107705
PI3K	PAEP	-3.803227553783662
PI3K	CREB3L4	-9.102651653491383
PI3K	UBALD2	-9.985377464977699
PI3K	ING4	-7.700118075528676
PI3K	DERL3	-4.033679424810513
PI3K	KRTAP19-1	-6.881951690717335
PI3K	SLC27A1	-8.329920839704627
PI3K	APOC1	-5.061310146853561
PI3K	CCDC25	-4.339271307214771
PI3K	FCGRT	-6.170243405839677
PI3K	CDK5RAP3	-5.254766587642965
PI3K	NENF	-2.8622334493689188
PI3K	DNAI4	-3.62712257526587
PI3K	YBX2	-4.419857345074704
PI3K	TFDP2	-5.673588227241949
PI3K	AMIGO1	-6.000321012752048
PI3K	CA14	-4.8380402218900445
PI3K	CBX7	-6.437220252849626
PI3K	MCAM	5.1250827229370985
PI3K	CRYL1	-7.333026179077128
PI3K	RPS29	-5.844440866132715
PI3K	SMIM19	-7.2105590119954694
PI3K	SLC18A1	4.652092527198795
PI3K	FBXO25	-7.033029734440918
PI3K	C5ORF52	12.239808955056201
PI3K	TNNI3	-3.6721944215671916
PI3K	S100A1	-3.9889239561922634
PI3K	TTC12	-3.184873043345917
PI3K	THNSL2	-4.318340579293939
PI3K	GAA	-5.367784104422635
PI3K	BAAT	-3.5575387810909405
PI3K	CTDSP1	-5.567569317532474
PI3K	LINC02915	5.811047984831319
PI3K	COQ8A	-6.388212374885499
PI3K	FCMR	-4.9268801140836676
PI3K	TBC1D15	-5.412631039798617
PI3K	TSNARE1	-2.4315033012720155
PI3K	TMEM42	-7.989326747815277
PI3K	MYL5	-5.238296460556685
PI3K	GEMIN8	-4.1331773597269486
PI3K	WIPI2	-3.153066059934722
PI3K	MST1	-4.986885635605013
PI3K	TRIM63	-5.528597674095491
PI3K	CFAP68	-3.334272746585415
PI3K	MFGE8	-5.901530454949852
PI3K	HSBP1L1	-6.893156914442496
PI3K	FHIT	-4.615166946689442
PI3K	MIR1915HG	4.952741484702064
PI3K	RGS10	-3.880397339458384
PI3K	GLI4	-3.0980704897335043
PI3K	VAMP5	-4.361074003426954
PI3K	CYTL1	-4.865441636391191
PI3K	TPPP	-2.5431181614359892
PI3K	CAMLG	-5.795703744854614
PI3K	PSMG3-AS1	-8.013276583314173
PI3K	CIR1	-5.023161182851439
PI3K	DNAL4	-4.445867274988094
PI3K	LRRC23	-3.293253110465093
PI3K	METTL27	-4.549873055159501
PI3K	SLC26A4	-3.7388398905078617
PI3K	INO80C	4.108217478616809
PI3K	AEBP1	-4.092610787679307
PI3K	CREBRF	-10.446075274188333
PI3K	CCDC28A	-8.060678441208225
PI3K	BEGAIN	-4.19647716673333
PI3K	COMMD6	-3.4624391132898946
PI3K	ARSJ	7.061080781879236
PI3K	ZSCAN2	-3.158743453547724
PI3K	NR2E1	-2.721518097674834
PI3K	ZNF554	-2.674978238623077
PI3K	MRPL10	-4.871654250241907
PI3K	ZNF76	-2.7922559348309233
PI3K	FBXO44	-3.9997339422455633
PI3K	GAREM2	-4.09273889946688
PI3K	ALG14	4.41613921979738
PI3K	MAP1B	7.023693054345393
PI3K	CPXM1	-4.042038136700408
PI3K	ZNF396	-2.538048216193178
PI3K	MROH6	-4.4189955792508675
PI3K	CRBN	-6.898717232743581
PI3K	ARL2	-4.9077335565809275
PI3K	PPP1R26	-3.7242428701571875
PI3K	RNF44	-5.734313173211764
PI3K	RTN2	-7.4856496310395055
PI3K	ACBD4	-3.2096475771496955
PI3K	WHRN	-5.152013438342302
TGFb	LINC00312	4.428987093533769
TGFb	TSPAN2	5.502326115825906
TGFb	SMAD7	7.6311433745336785
TGFb	NOX4	5.913813151649488
TGFb	COL4A1	6.337489574832423
TGFb	CAVIN4	4.597343338672102
TGFb	ID4	4.169901350129046
TGFb	BMPR2	4.015505031468152
TGFb	SKIL	4.274181219360634
TGFb	RASL11B	2.723009870350084
TGFb	COMP	9.899249960355174
TGFb	LMCD1	5.6752815262663745
TGFb	MRAS	5.201966581087301
TGFb	ID1	12.35428766106149
TGFb	SYT15	3.8577431538796345
TGFb	CILP	4.651003963661555
TGFb	CNN1	4.9534712486596835
TGFb	ADAM12	3.9683045345005423
TGFb	ITGA11	3.392697565271868
TGFb	COL5A1	5.221051245569531
TGFb	MFAP4	5.813038501128244
TGFb	FSTL3	6.807359103417256
TGFb	IL11	6.3308961562903
TGFb	ID3	10.481113198178958
TGFb	NINJ2	3.8756265958859437
TGFb	PLN	2.748323221858972
TGFb	BGN	3.2378399997614276
TGFb	CRLF1	4.825293111819741
TGFb	CALD1	3.0516355894313545
TGFb	MYOZ1	4.962474849517782
TGFb	COL4A2	4.2212636778339165
TGFb	NOX1	-1.0457633749156092
TGFb	PMEPA1	8.096140880827011
TGFb	SAMD11	4.983084704372779
TGFb	COL1A1	3.566081042355256
TGFb	NUAK1	6.095429922441628
TGFb	ATP10A	2.784857146576994
TGFb	CDH2	3.2883102380649416
TGFb	LTBP2	4.372793934796392
TGFb	EFR3B	1.3343499021654321
TGFb	TPM1	4.595360809462762
TGFb	XYLT1	3.197715603002688
TGFb	SLCO2A1	4.869788433437289
TGFb	SYNDIG1	1.8364038596773584
TGFb	GRIA3	1.0868126315283173
TGFb	XRCC4	3.3772318622335034
TGFb	GDF5	-1.939559485845836
TGFb	RUSC2	2.3531795656616517
TGFb	ACOX3	2.721528765151428
TGFb	LECT2	2.9089513707402834
TGFb	UNC5B	3.8338195218086257
TGFb	GALNT10	3.047077072676757
TGFb	ACTC1	3.337429797192697
TGFb	LRRC32	5.293595631394943
TGFb	OPCML	4.467950883084327
TGFb	CLDN11	-3.6902833957792103
TGFb	PKNOX2	2.048491739898756
TGFb	RFLNB	7.309130128341854
TGFb	LRRC15	2.304595154447725
TGFb	PODNL1	2.1489096837018176
TGFb	DACT1	6.22087968552156
TGFb	HSD17B6	4.782527287277279
TGFb	GOPC	2.8545176084128645
TGFb	AK5	-3.357132440141041
TGFb	RASD2	3.384557152221155
TGFb	KIRREL3	2.542385559563426
TGFb	SH3PXD2A	3.879791808934377
TGFb	ABCA6	-3.2715368950351578
TGFb	FBLN5	4.92248525622834
TGFb	MEX3B	3.978292370254286
TGFb	C3ORF80	4.809037463388701
TGFb	PLCB4	3.9338902853869087
TGFb	ISLR2	2.468060087597712
TGFb	YIPF5	2.8119363564910023
TGFb	MSR1	-1.764838201889795
TGFb	LRRN4CL	-3.784515126527989
TGFb	OLFM2	2.0653759894084955
TGFb	CHST3	2.221800857294827
TGFb	TUFT1	6.010991297185908
TGFb	SPHK1	6.090111538628698
TGFb	ABCA8	-1.709245079884809
TGFb	SEMA7A	3.8947720445386746
TGFb	P2RX1	2.7581382924767666
TGFb	RXFP1	-2.2777179298285644
TGFb	CDKN2B	3.373728102887283
TGFb	PAWR	2.5534342854783194
TGFb	SNAI1	3.5681739305015414
TGFb	LIMS2	2.27494674124209
TGFb	TNFSF4	5.503893035236932
TGFb	NEDD9	4.361192810292332
TGFb	SMAD6	2.798265386251439
TGFb	DGKI	2.2411436132070746
TGFb	BCOR	2.735746492923183
TGFb	SGPL1	2.583923273015123
TGFb	SMURF1	1.538153232693425
TGFb	SPECC1	2.5741137529342106
TGFb	ARFGAP1	2.073401170152749
TGFb	UACA	2.6166466705245015
TGFb	SLC16A2	3.140899092037142
TGFb	DCBLD1	3.8990109307813903
TNFa	TNFAIP3	35.40071755147807
TNFa	IFNAR2	7.580700686140321
TNFa	CSF2	8.35548063730208
TNFa	NFKBIE	10.356205366989286
TNFa	EFNA1	18.631109384930614
TNFa	RELB	9.264593784669739
TNFa	CXCL8	45.44182721623888
TNFa	ICAM1	22.03934071980157
TNFa	CXCL5	10.081367932472133
TNFa	LTB	4.827311631466724
TNFa	IL32	15.963619088902076
TNFa	TLR2	7.039357768205023
TNFa	TNFAIP2	12.213726703415444
TNFa	NFKBIA	12.567700437723602
TNFa	BCL2A1	17.22500760515418
TNFa	INHBA	15.563198677198198
TNFa	IL36G	13.425174324449806
TNFa	SERPINA3	11.405799324373938
TNFa	PLAU	11.492884155720912
TNFa	CCL20	38.38796712436
TNFa	SLC2A6	10.249108343655784
TNFa	MRGPRX3	10.786210563963566
TNFa	NINJ1	8.560734676796455
TNFa	CXCL3	23.758105672194567
TNFa	BIRC3	13.582045497557385
TNFa	IFNGR2	7.3777888714754125
TNFa	TCIM	8.472723921002293
TNFa	BID	5.60413176278799
TNFa	CSF3	6.343140375426898
TNFa	NFKB1	9.348958018199767
TNFa	CXCL2	8.954759574671543
TNFa	DRAM1	10.758252373531665
TNFa	PPP4R4	3.3280546089658753
TNFa	CD83	11.002664858510604
TNFa	IKBKE	3.773163181244649
TNFa	CLDN1	9.089955595164122
TNFa	C1QTNF1	5.762291356418425
TNFa	IRF1	15.650726704349548
TNFa	NKX3-1	2.8716327693324026
TNFa	TRIM47	5.244304088277187
TNFa	CXCL6	10.517614056873304
TNFa	TNIP1	6.429594434462538
TNFa	MMP12	6.477017108768284
TNFa	BMP2	8.582446164835554
TNFa	CFB	7.4267354264803815
TNFa	CCL2	19.84618276040007
TNFa	TICAM1	3.4637566632122025
TNFa	CTHRC1	9.459560282116046
TNFa	IL6	19.70357332798217
TNFa	NFKB2	5.002450148328656
TNFa	SOD2	13.62311027435944
TNFa	MMP9	12.588757730190256
TNFa	RHCG	3.101600356415304
TNFa	TIFA	6.052292771609127
TNFa	MMP10	8.347427839604803
TNFa	TAPBP	3.9797425167205684
TNFa	IGFL1	8.951569979952977
TNFa	B4GALT1	2.7458532611816775
TNFa	DTX2	2.931319728324946
TNFa	TNIP2	3.3942899778951263
TNFa	PTX3	21.50273416683471
TNFa	CYLD	2.875463653861722
TNFa	EDN1	7.585623802775744
TNFa	TMEM217	4.038150679601343
TNFa	RIPK2	5.572407893721106
TNFa	SDC4	8.12277620754622
TNFa	USP43	3.4492245557244177
TNFa	RND1	4.684880682722876
TNFa	BDKRB1	4.922306051821282
TNFa	BIRC2	4.671661250669304
TNFa	CTSS	6.3975388341766894
TNFa	MMP13	7.1057590330167395
TNFa	ETS1	4.591170934354626
TNFa	APBA3	2.177085765123919
TNFa	TYMP	4.018625143360947
TNFa	NECAP2	2.727408520220788
TNFa	C11ORF96	4.766669050666692
TNFa	ANKLE2	2.3679316803426
TNFa	WTAP	3.2215281990206424
TNFa	TRAF1	9.396001195110344
TNFa	SQOR	5.95671516807764
TNFa	UBE2Z	2.248799621815309
TNFa	CXCL1	20.42654598346696
TNFa	KRT6B	4.416223266815222
TNFa	CLUHP3	1.9472882155556552
TNFa	CFLAR	3.7265442353972937
TNFa	SRGN	3.9513283861811814
TNFa	GPR176	3.0121862726163635
TNFa	C3	9.89843789140028
TNFa	TNFAIP1	2.77854938464495
TNFa	SLC41A2	5.357994940261768
TNFa	PDPN	2.3542506787145947
TNFa	IL1RN	4.754297985994012
TNFa	AKR1B1	6.596693035594108
TNFa	GSAP	4.868162413678591
TNFa	UXS1	4.234970822197877
TNFa	RHBDL2	3.6778373712677483
TNFa	NFKBIB	2.087127406943084
TNFa	IL15	5.507100222307256
TNFa	STAT5A	3.6334892943632444
Trail	FRMPD1	-2.2346142429872535
Trail	WT1-AS	2.225105360384251
Trail	WNT8A	-1.8469616099390898
Trail	GPR18	3.2408048258403106
Trail	TEC	2.0513216388446684
Trail	TAS2R5	-2.176068075314979
Trail	NPY	1.6067262732076601
Trail	KLHL14	-1.762760000960198
Trail	RAG2	1.5714490591915007
Trail	SCNN1D	-1.4200458064659192
Trail	ZIM3	1.498060659268145
Trail	C17ORF99	2.213003215232074
Trail	RHEBL1	4.128711528789865
Trail	GNL3L	-2.059139733833549
Trail	TLDC2	1.7471644560687452
Trail	KASH5	1.6994590812716333
Trail	TMEM259	-1.4901164662989912
Trail	CALML6	1.6775881055019897
Trail	TMEM273	2.0389521808061852
Trail	CST7	2.084534800857333
Trail	DMRTC2	-1.4874649932723798
Trail	NPW	-2.20001978697375
Trail	ADAMTS17	-1.5773492573585985
Trail	MS4A1	1.479370071782234
Trail	FLCN	1.5934394482371779
Trail	AGAP6	-1.8548930173359528
Trail	LINC03043	-1.43061942551172
Trail	HVCN1	2.1822532622856
Trail	WFDC10A	1.5981959590783616
Trail	LIM2	1.123151435766687
Trail	TESPA1	0.9666588741374413
Trail	CD1A	1.6916094831884643
Trail	ZNRF4	1.0338854192621099
Trail	WDR97	-1.3506488351485857
Trail	HTR1F	-1.436708264256362
Trail	TRIM72	1.5866385550003113
Trail	PDAP1	-1.3704966032123196
Trail	RAB37	2.947927917738633
Trail	CCDC28A-AS1	-1.632533040853792
Trail	LSM12	-1.9787703156243888
Trail	DNAJB8	-1.3663966648633838
Trail	BHMT	1.2766723826364819
Trail	BRS3	0.8574735612780043
Trail	KRT35	1.0822472706489599
Trail	KCNA5	1.4800500658955051
Trail	ATP5F1E	1.4563903905956763
Trail	KCNAB3	-0.9517336695348741
Trail	TLR10	-1.518578263933709
Trail	MYOC	1.001947096180015
Trail	RRP12	-1.140568662757773
Trail	SPINK2	1.3331660939551442
Trail	RNF175	2.80090306130311
Trail	TMEM74	1.23206479186322
Trail	CBFA2T3	2.0847503708249637
Trail	OR5K1	-1.2612460538902648
Trail	UAP1L1	2.7973723557199803
Trail	STEEP1	-1.3793938976580724
Trail	TAS2R9	1.11704778475682
Trail	GLIPR1L1	1.1622241729387786
Trail	NFAM1	1.1389091200150856
Trail	BACH2	1.939233902245995
Trail	NDST3	0.9665637982501121
Trail	VHL	-1.1923081070046433
Trail	SLC7A9	1.2157107689110207
Trail	IFNLR1	1.714247303156265
Trail	RGSL1	0.8317474214346863
Trail	DDX19A	-1.456258613225155
Trail	GH1	0.7103620260458975
Trail	DDX42	-1.398836095701123
Trail	AGAP4	-2.574493363329712
Trail	OVOL3	0.8709491112709934
Trail	LCA5L	1.259311043074329
Trail	NLRP9	1.2592040112566834
Trail	MED18	-1.8389796442172466
Trail	CD79A	0.9737686731645739
Trail	MCCC2	-1.5768266135876654
Trail	AFMID	-2.3130551431257875
Trail	ODAD3	1.339219565318123
Trail	XAB2	1.3952715996439196
Trail	OR1D2	1.0070387474722884
Trail	ASZ1	1.1785345167064927
Trail	RBBP5	-1.6934393976864148
Trail	MED12L	1.3554099904795696
Trail	QPCTL	-1.0947281396271689
Trail	HTR3C	1.0882583303983988
Trail	RFPL3	1.0796540441100462
Trail	MS4A5	0.9477577680782963
Trail	EPB42	0.9258457795433074
Trail	CLVS1	-1.2863268876552973
Trail	TTC16	1.0100425178189505
Trail	VIPR2	0.6960471915006315
Trail	FMNL1	1.2568113488975738
Trail	ZNF99	-0.9927691995409521
Trail	TXNL1	-1.1387778548620822
Trail	SPATA46	1.2152591977316571
Trail	VPREB3	1.9346643133862607
Trail	FAAP24	-1.373246413704388
Trail	ADAMTSL5	1.2043014133372125
Trail	NAP1L4	-0.9598660971932734
Trail	LILRA2	1.048734964207806
VEGF	CRACD	-4.8711900304965905
VEGF	VWA8	-3.6068043404084924
VEGF	NLGN1	-5.61807493255322
VEGF	NRG3	-5.823747328850695
VEGF	KCNK10	2.883306363931166
VEGF	HTR1F	-2.2364597930220778
VEGF	EPHA3	-4.434085608580629
VEGF	ZNF257	-4.556145548139363
VEGF	JCHAIN	-3.347995012762441
VEGF	PHACTR3	-9.249968612082682
VEGF	HACD4	-3.762313919779542
VEGF	VPREB3	-3.3923379350007634
VEGF	NCKAP5	-8.071059398131732
VEGF	CYTL1	3.4783279013951853
VEGF	NID2	-4.917471725170819
VEGF	SCML4	-1.878268205527691
VEGF	XKR4	-3.632515763615389
VEGF	CPA6	-2.5637682550218517
VEGF	PKHD1L1	-2.1052040386225586
VEGF	ART4	-2.064522495593021
VEGF	VASH2	-3.04376019627761
VEGF	SPINK2	-1.891189378201046
VEGF	EPN2	10.766190218432925
VEGF	MYO3A	-1.9521780420749844
VEGF	VPREB1	-3.1796901692438966
VEGF	UNC5D	-2.5394275494386593
VEGF	IGLL1	-3.384890550843615
VEGF	TMCC3	7.271993918756322
VEGF	SMAD1	-3.8011115644634708
VEGF	RORB	-2.774477402073862
VEGF	CCDC81	-2.3013636649140867
VEGF	IRAG2	-3.312305070115477
VEGF	CD72	-2.717726388533283
VEGF	SRGAP2	-4.340003643824051
VEGF	PIEZO2	-1.8910970036781882
VEGF	BEND4	-2.470928435437117
VEGF	GP5	-1.5919264340509562
VEGF	CDC37L1	3.3029194866435816
VEGF	CCM2	4.274565169024873
VEGF	ALDH1A1	-6.402508328154738
VEGF	SPAG6	-1.5709152686418195
VEGF	ZNF597	3.020880055459865
VEGF	NUDT19	-9.11136805816042
VEGF	CRYM	3.4610332609011807
VEGF	ANKS1B	-2.57751849088035
VEGF	ZNF669	-2.1874532085885523
VEGF	P2RY14	2.8300020949268188
VEGF	ZNF347	3.0310536501075847
VEGF	IMMP2L	-2.01199922020731
VEGF	C1QTNF4	-1.859168026274888
VEGF	CD93	3.080460251428571
VEGF	PTCH1	-2.784163823230688
VEGF	ADGRD1	-3.686645232646942
VEGF	IKZF3	-1.6069478763992708
VEGF	AHRR	18.5042225173004
VEGF	RGL1	9.312973586573623
VEGF	HMHB1	-1.709453283798115
VEGF	SENP5	1.8655494571140576
VEGF	ZNF200	3.504692053097271
VEGF	MZB1	-1.7013074123621696
VEGF	NKD2	3.8953837260047064
VEGF	CNR1	-1.4561375900150673
VEGF	DCHS2	-1.7317454315883085
VEGF	TTC28	-2.073896421754878
VEGF	XK	-4.115595055397848
VEGF	WNT16	-2.03801122829194
VEGF	ZNF415	-2.783465058459749
VEGF	SMCO3	-2.1019845722626846
VEGF	BCAR3	5.832010393160435
VEGF	LMO2	3.651742989258342
VEGF	CAMK4	-2.5470576373038605
VEGF	ARL9	-2.323345400183588
VEGF	FAT1	-5.105384181917695
VEGF	PLAA	2.3023833908939983
VEGF	RUBCNL	3.1367475160911016
VEGF	CPVL	-4.0383857404609005
VEGF	MYEF2	-2.3686464295413723
VEGF	CSMD1	-1.3544722047731637
VEGF	TMSB15B	-2.2212495971070054
VEGF	DGKE	1.5475614473782888
VEGF	LIPC	-2.3050569576885223
VEGF	ALKBH1	1.7559420284689473
VEGF	HOXD10	-1.8270196328254273
VEGF	CCDC141	-1.5880119781607391
VEGF	SAP30BP	1.7531166229969712
VEGF	NPTX1	2.3786718041515704
VEGF	IL21R	2.5436936116743767
VEGF	KIF26A	-2.1074504888575207
VEGF	ANXA5	-5.268782703424574
VEGF	TRPC6	-2.1253456820911896
VEGF	SLC38A4	-2.2295562647496485
VEGF	SLFN13	-3.5315526394775434
VEGF	ZNF202	2.3065370796653744
VEGF	ASTE1	2.65124034624065
VEGF	GRIP1	-1.6175279401412324
VEGF	SST	-1.2248248638572286
VEGF	CAPSL	-2.4983608220933804
VEGF	SLC25A43	-4.358305529742228
VEGF	GPR68	2.157206936951082
VEGF	TBX1	-1.0038627707801815
WNT	BMP4	5.93683107305
WNT	SIGLEC6	2.0207361471
WNT	NPY2R	1.38723387106
WNT	CSF3R	1.93231537539
WNT	KRT23	4.12161155069
WNT	FGF20	-2.0880306196
WNT	FGF3	-1.75149878034
WNT	MSX1	4.13090389196
WNT	RNF43	3.62818214446
WNT	CYP24A1	4.69230392105
WNT	BMP7	2.09307161751
WNT	NTF3	2.27388978335
WNT	FGD2	1.63117929701
WNT	ALOX12	-2.38809168835
WNT	ANKRD1	5.75344104425
WNT	FOXJ2	1.31222701553
WNT	KIF26B	1.36180050783
WNT	RUBCNL	2.90072733261
WNT	KLK10	2.00418100752
WNT	SYT12	-1.25326075663
WNT	CACNA1E	1.07499664802
WNT	LY86	1.59625220102
WNT	SLC7A8	-2.4843729916
WNT	ANO2	1.36220022375
WNT	GPR22	-1.02298721746
WNT	TCTN2	-1.51731000002
WNT	PLA2R1	-1.1473081003
WNT	SBSPON	1.4732102099
WNT	GFRA2	1.36711872351
WNT	MSX2	1.56657068981
WNT	CPLX2	-1.04050048512
WNT	SNTB1	1.76849258398
WNT	RBMS2	2.11730003842
WNT	C2CD3	1.45436019911
WNT	IRS1	3.18782977995
WNT	SNCAIP	1.43635014664
WNT	SFRP5	-1.07940364175
WNT	ZNF613	1.33650285529
WNT	ARL4C	3.27342846498
WNT	CAMK1D	1.84366782207
WNT	RAP2B	2.32707816213
WNT	SYK	-1.72470371194
WNT	ZNF385D	-1.28117922528
WNT	HOXB3	1.15163784334
WNT	B3GNT2	2.16641085465
WNT	TDRKH	-1.71027369375
WNT	KLHL4	1.54051285835
WNT	C4BPB	1.60281111775
WNT	PRDM5	0.987983717211
WNT	IL12RB1	0.839411846655
WNT	TSHZ2	-1.23388644759
WNT	MAB21L4	2.50620955677
WNT	FOXF1	-1.92842044692
WNT	ZNF701	1.03723151382
WNT	UPK1B	1.62050396442
WNT	OLFM4	-1.42315030737
WNT	AVPR1A	-0.583503378752
WNT	RASGRP2	-1.28386241053
WNT	DLX5	1.64452023135
WNT	CLDN4	-1.89939345585
WNT	GNG11	2.09852650379
WNT	BNC1	1.58225139336
WNT	ZNF230	1.38534278144
WNT	LPAR2	1.26399445256
WNT	TRMT2B	1.80002842507
WNT	ASB4	-0.728762798846
WNT	ZNF43	2.2320690359
WNT	KCNJ10	-1.43276659141
WNT	ITGB7	1.36135777708
WNT	HIRA	1.72585140096
WNT	DESI2	1.10426832494
WNT	EYA4	1.39326162198
WNT	APBB1	-1.01528790297
WNT	MSI1	1.00152333996
WNT	KCNJ5	-0.970656340025
WNT	ANGPT1	-1.92617170318
WNT	ZFP30	1.53566031892
WNT	TBXT	-0.954038286972
WNT	MSH3	0.863448783565
WNT	CD244	0.75606236887
WNT	GNAO1	-0.915037841756
WNT	IGF1	1.35948123623
WNT	TPH1	1.0144342317
WNT	TLE4	-1.73347206901
WNT	LGALS14	0.981538986418
WNT	NCAM1	-0.877086430495
WNT	PIEZO2	-1.05133509247
WNT	IL1RL1	2.08077074582
WNT	SEC31B	1.44708283337
WNT	WFDC2	-1.31768738028
WNT	HOXB5	1.13995823557
WNT	FASLG	-1.44349654904
WNT	AIRE	0.756269896603
WNT	SEL1L3	-1.62188109405
WNT	ZNF45	2.19565822721
WNT	CD48	1.57824848108
WNT	ZNF552	1.10289013974
WNT	RNASEH2B	1.05685087869
WNT	IGFBP1	1.48422826766
WNT	ANKMY1	0.58688972167
p53	GLS2	6.452464884676295
p53	MDM2	8.193488269182302
p53	ZNF79	4.020263344398706
p53	FDXR	11.994495921690353
p53	LCE1B	11.81373659688734
p53	FAS	12.03060138237465
p53	CABYR	6.125471912191974
p53	SESN1	12.529228897463508
p53	PIDD1	5.9606407237831895
p53	PIDD1	5.9606407237831895
p53	TP53I3	18.261147329238344
p53	ABCA12	9.597182118769553
p53	SMIM10L2A	6.372565195229573
p53	DNAI3	13.098405880124508
p53	CDKN1A	15.956970310754725
p53	SPATA18	7.848997964782883
p53	CES2	7.280384841566823
p53	CDIP1	5.049443582282436
p53	RETSAT	7.1367279861364885
p53	PRKAB1	4.520029459285258
p53	CYP4F2	4.139434854074782
p53	KLHDC7A	4.5662746090957205
p53	GPR87	10.836121759977534
p53	POLH	5.176012643300875
p53	XPC	6.587026008593313
p53	PPM1D	6.249520581062231
p53	ANKRA2	10.889630974186883
p53	PADI4	4.107730147663894
p53	NECTIN4	9.30887621816103
p53	SLC52A1	4.155589845831009
p53	PHLDA3	6.790437343039215
p53	DDB2	8.185583260145169
p53	RRM2B	10.632927679406718
p53	EDA2R	3.1791323026964338
p53	ZNF337	3.3017630301456933
p53	MUC19	7.040110233355504
p53	TNFRSF10B	6.009459388470295
p53	FBXW7	4.283285582331321
p53	CLCA2	10.519255935623086
p53	ZMAT3	7.956698264614689
p53	STAG1	-3.8651133486903544
p53	TMEM63B	4.807352226655814
p53	SCN3B	4.85900175146136
p53	DRAXIN	6.014405244852632
p53	SERPINB5	4.796405609625523
p53	RPS27L	6.25116452788065
p53	FAM13C	4.314974533860352
p53	DGKA	5.381505634253098
p53	TIGAR	10.151495414110276
p53	NRF1	-2.3510351484879664
p53	ACER2	11.596064389645838
p53	TP53INP1	8.65838226312228
p53	STX6	3.465799996306623
p53	BLOC1S2	7.412623260713744
p53	CMBL	5.050855729202823
p53	SRGAP3	2.5185476046162667
p53	CLTRN	6.82934107641466
p53	GRIN2C	1.839359805817828
p53	CYFIP2	7.060904559614862
p53	TRIAP1	6.422788982189964
p53	ISCU	5.5123499539822856
p53	ARHGAP11A	-7.976226363284924
p53	CCDC90B	3.3881094626363772
p53	NADSYN1	3.836912580332245
p53	ZNF561	10.123218197683357
p53	ZSCAN4	3.1834625061636643
p53	INPP1	7.488075835821861
p53	LINC02875	3.2782830579474624
p53	SPMIP9	3.038482577506853
p53	PGAP1	5.574287106918351
p53	NBEAP1	6.712308533482899
p53	CSTA	9.006077703707733
p53	DQX1	4.387116105937616
p53	PGF	4.454846512360694
p53	GRHL3	8.21231017387999
p53	C2ORF66	11.503174325222073
p53	FBXO22	3.6925260016270243
p53	ANKRD20A12P	3.6917744097009813
p53	KANK3	2.9054397971751946
p53	RINL	4.514689686626452
p53	AK1	4.352992415044511
p53	ZNF83	-5.857518761394605
p53	CYSRT1	5.076430758731781
p53	GDF15	9.773981683840189
p53	GRIP2	2.527611464512725
p53	EFNB1	2.8656789911934504
p53	AKR1B10	10.322077340036804
p53	CEL	4.049534672263433
p53	PLTP	6.885032885088286
p53	SLC44A5	5.043420920412067
p53	EI24	4.09203042424567
p53	CSMD3	4.812601463006893
p53	RTL5	4.585514534840213
p53	PDE6C	3.0141354028269594
p53	CARNS1	4.538733844691278
p53	LCE1C	30.220747276406065
p53	CCDC150	-3.174527111270652
p53	LCE1A	6.154822839299324
p53	TREM2	4.101936615114059
p53	GDF9	3.3557413439827735
