depmap_column,gene_symbol,entrez_id,training_std,training_dependency_prevalence,training_line_count
ACLY (47),ACLY,47,0.30135302267588476,0.5454545454545454,33
ACO2 (50),ACO2,50,0.5823415939826571,0.5151515151515151,33
ACSL3 (2181),ACSL3,2181,0.3579447347823988,0.30303030303030304,33
ACTB (60),ACTB,60,0.4692337152347786,0.6363636363636364,33
ACTR3 (10096),ACTR3,10096,0.43055781221983225,0.24242424242424243,33
ADAR (103),ADAR,103,0.35097290728518643,0.36363636363636365,33
ADRM1 (11047),ADRM1,11047,0.29971386884760565,0.45454545454545453,33
ADSL (158),ADSL,158,0.808456708770483,0.7575757575757576,33
ADSS2 (159),ADSS2,159,0.4980742703949981,0.36363636363636365,33
AHCYL1 (10768),AHCYL1,10768,0.3196913496181998,0.3333333333333333,33
AIFM1 (9131),AIFM1,9131,0.3877246204095263,0.5454545454545454,33
AMBRA1 (55626),AMBRA1,55626,0.3531065093065717,0.09090909090909091,33
ANAPC15 (25906),ANAPC15,25906,0.29038495467272135,0.48484848484848486,33
ANKRD49 (54851),ANKRD49,54851,0.3674045450502226,0.36363636363636365,33
ANLN (54443),ANLN,54443,0.30444857600572955,0.48484848484848486,33
AP2M1 (1173),AP2M1,1173,0.4297651746248969,0.7878787878787878,33
AP2S1 (1175),AP2S1,1175,0.41981472926055313,0.7272727272727273,33
APC (324),APC,324,0.3126913468141238,0.12121212121212122,33
ARF4 (378),ARF4,378,0.5128692658344788,0.5757575757575758,33
ARHGEF7 (8874),ARHGEF7,8874,0.30404863197806886,0.18181818181818182,33
ARID1B (57492),ARID1B,57492,0.30230009453616485,0.06060606060606061,33
ARID2 (196528),ARID2,196528,0.31673498659801197,0.30303030303030304,33
ARMC5 (79798),ARMC5,79798,0.3143697504748052,0.2727272727272727,33
ARPC4 (10093),ARPC4,10093,0.4482908418703859,0.5757575757575758,33
ASCC3 (10973),ASCC3,10973,0.3374460432075802,0.3333333333333333,33
ASNS (440),ASNS,440,0.3390564653231398,0.3939393939393939,33
ATF4 (468),ATF4,468,0.3493869935031874,0.7575757575757576,33
ATIC (471),ATIC,471,0.4049580465237153,0.3939393939393939,33
ATL2 (64225),ATL2,64225,0.4864814650351476,0.6060606060606061,33
ATP1B3 (483),ATP1B3,483,0.3666474589422467,0.3939393939393939,33
ATP2B1 (490),ATP2B1,490,0.2954345050647251,0.15151515151515152,33
ATP5F1B (506),ATP5F1B,506,0.3400262642032864,0.7878787878787878,33
ATP5F1C (509),ATP5F1C,509,0.3722624112758723,0.7575757575757576,33
ATP5F1D (513),ATP5F1D,513,0.2855722656736183,0.7272727272727273,33
ATP6V0E1 (8992),ATP6V0E1,8992,0.43297130972071735,0.06060606060606061,33
ATP6V1H (51606),ATP6V1H,51606,0.485465849934723,0.696969696969697,33
ATXN7L3 (56970),ATXN7L3,56970,0.2934355348122127,0.24242424242424243,33
BAP1 (8314),BAP1,8314,0.3460806686907288,0.6363636363636364,33
BCL9 (607),BCL9,607,0.3072982362966601,0.09090909090909091,33
BCL9L (283149),BCL9L,283149,0.31466457363626277,0.12121212121212122,33
BIRC6 (57448),BIRC6,57448,0.2923848625783364,0.21212121212121213,33
BPTF (2186),BPTF,2186,0.32626630434451753,0.6666666666666666,33
BRAF (673),BRAF,673,0.4202093862301209,0.15151515151515152,33
BRAT1 (221927),BRAT1,221927,0.40605705736191905,0.48484848484848486,33
BRCA1 (672),BRCA1,672,0.2932729694901353,0.5757575757575758,33
BRCA2 (675),BRCA2,675,0.30559095849439927,0.5454545454545454,33
BRD2 (6046),BRD2,6046,0.4222803221579542,0.5151515151515151,33
BRK1 (55845),BRK1,55845,0.2891754260482855,0.24242424242424243,33
BSG (682),BSG,682,0.29222205795648043,0.09090909090909091,33
BUD13 (84811),BUD13,84811,0.3133678324585174,0.6060606060606061,33
C19orf53 (28974),C19orf53,28974,0.3596290984279432,0.7878787878787878,33
C3orf38 (285237),C3orf38,285237,0.3742572636637546,0.42424242424242425,33
CAB39 (51719),CAB39,51719,0.347460368753684,0.18181818181818182,33
CAD (790),CAD,790,0.5703520642026592,0.42424242424242425,33
CAND1 (55832),CAND1,55832,0.28853045532340993,0.30303030303030304,33
CARS2 (79587),CARS2,79587,0.3496726382478142,0.18181818181818182,33
CBFB (865),CBFB,865,0.3894390546372257,0.06060606060606061,33
CBLL1 (79872),CBLL1,79872,0.29358500435922474,0.24242424242424243,33
CCAR1 (55749),CCAR1,55749,0.2945698632537371,0.7272727272727273,33
CCDC51 (79714),CCDC51,79714,0.348774431574659,0.09090909090909091,33
CCDC6 (8030),CCDC6,8030,0.3035988664171416,0.12121212121212122,33
CCNB1 (891),CCNB1,891,0.33878842250595953,0.7575757575757576,33
CCNC (892),CCNC,892,0.380877980501275,0.2727272727272727,33
CCND1 (595),CCND1,595,0.7716893139940944,0.7878787878787878,33
CCND3 (896),CCND3,896,0.3651674071564473,0.21212121212121213,33
CCNL1 (57018),CCNL1,57018,0.4514075021971298,0.6666666666666666,33
CDAN1 (146059),CDAN1,146059,0.5664213791926341,0.7272727272727273,33
CDH1 (999),CDH1,999,0.356613316810495,0.06060606060606061,33
CDIN1 (84529),CDIN1,84529,0.30525774550762297,0.18181818181818182,33
CDK4 (1019),CDK4,1019,0.6235110879889041,0.7272727272727273,33
CDK6 (1021),CDK6,1021,0.4125620336069227,0.48484848484848486,33
CDK8 (1024),CDK8,1024,0.2897666644065179,0.06060606060606061,33
CDS2 (8760),CDS2,8760,0.35352864962691694,0.30303030303030304,33
CEP43 (11116),CEP43,11116,0.3669465383984056,0.18181818181818182,33
CEP85 (64793),CEP85,64793,0.2999874775186095,0.30303030303030304,33
CFL1 (1072),CFL1,1072,0.5541241196075384,0.5151515151515151,33
CFLAR (8837),CFLAR,8837,0.5115772548765818,0.6060606060606061,33
CHMP5 (51510),CHMP5,51510,0.3683978446183714,0.7272727272727273,33
CHMP7 (91782),CHMP7,91782,0.4508456394593872,0.6363636363636364,33
CIT (11113),CIT,11113,0.4024608523982802,0.48484848484848486,33
COA6 (388753),COA6,388753,0.32827619119484547,0.2727272727272727,33
COA7 (65260),COA7,65260,0.3294525964917516,0.36363636363636365,33
COASY (80347),COASY,80347,0.31970893600223727,0.6666666666666666,33
COP1 (64326),COP1,64326,0.363868928383128,0.2727272727272727,33
COQ4 (51117),COQ4,51117,0.29037610046303863,0.6666666666666666,33
COX10 (1352),COX10,1352,0.28563152560737465,0.3333333333333333,33
COX15 (1355),COX15,1355,0.288442648516181,0.36363636363636365,33
COX18 (285521),COX18,285521,0.2985084698459658,0.18181818181818182,33
COX5A (9377),COX5A,9377,0.30666373958121407,0.5454545454545454,33
COX6A1 (1337),COX6A1,1337,0.3037997529681815,0.3939393939393939,33
COX7C (1350),COX7C,1350,0.28663213282908706,0.7878787878787878,33
CRAMP1 (57585),CRAMP1,57585,0.29102940465139915,0.15151515151515152,33
CREBBP (1387),CREBBP,1387,0.4827027211078061,0.12121212121212122,33
CRIPTO (6997),CRIPTO,6997,0.35526515182545737,0.6060606060606061,33
CRLS1 (54675),CRLS1,54675,0.3223313073590096,0.696969696969697,33
CSK (1445),CSK,1445,0.297276157361212,0.09090909090909091,33
CSNK1A1 (1452),CSNK1A1,1452,0.48857181879311157,0.7272727272727273,33
CTC1 (80169),CTC1,80169,0.36199913953784396,0.24242424242424243,33
CTDSPL2 (51496),CTDSPL2,51496,0.3058278235713926,0.09090909090909091,33
CTNNA1 (1495),CTNNA1,1495,0.2866262536528057,0.09090909090909091,33
CTNNB1 (1499),CTNNB1,1499,0.5257567868294359,0.30303030303030304,33
CTPS1 (1503),CTPS1,1503,0.5753021966191284,0.6060606060606061,33
CUL2 (8453),CUL2,8453,0.3639603663691655,0.5454545454545454,33
CUL3 (8452),CUL3,8452,0.28763588523494243,0.7272727272727273,33
CYB5B (80777),CYB5B,80777,0.3289631803515897,0.21212121212121213,33
CYC1 (1537),CYC1,1537,0.3123034000369374,0.6060606060606061,33
DAP3 (7818),DAP3,7818,0.3214996479392313,0.696969696969697,33
DARS2 (55157),DARS2,55157,0.3249195165066932,0.24242424242424243,33
DAXX (1616),DAXX,1616,0.30216836451389095,0.3333333333333333,33
DDX19A (55308),DDX19A,55308,0.4187571885712311,0.18181818181818182,33
DDX39B (7919),DDX39B,7919,0.43036440601183884,0.6060606060606061,33
DDX3X (1654),DDX3X,1654,0.6405970936038956,0.696969696969697,33
DDX5 (1655),DDX5,1655,0.370149647449706,0.7272727272727273,33
DET1 (55070),DET1,55070,0.31106400045377725,0.2727272727272727,33
DHODH (1723),DHODH,1723,0.49401070656888524,0.3939393939393939,33
DHX29 (54505),DHX29,54505,0.30127783631804067,0.15151515151515152,33
DICER1 (23405),DICER1,23405,0.294667061745717,0.3333333333333333,33
DLST (1743),DLST,1743,0.2968942776879361,0.36363636363636365,33
DNAJB13 (374407),DNAJB13,374407,0.2844864355964949,0.06060606060606061,33
DNAJC11 (55735),DNAJC11,55735,0.5912750779680289,0.7272727272727273,33
DNAJC13 (23317),DNAJC13,23317,0.36774325088291465,0.18181818181818182,33
DNAJC19 (131118),DNAJC19,131118,0.3388136914529679,0.24242424242424243,33
DNM1L (10059),DNM1L,10059,0.4831716392660723,0.7878787878787878,33
DOCK5 (80005),DOCK5,80005,0.31954818077189895,0.15151515151515152,33
DOLPP1 (57171),DOLPP1,57171,0.298193678478168,0.2727272727272727,33
DSCC1 (79075),DSCC1,79075,0.2947276177042491,0.2727272727272727,33
DSN1 (79980),DSN1,79980,0.3609571977031914,0.696969696969697,33
DUSP4 (1846),DUSP4,1846,0.3445036805082651,0.15151515151515152,33
DYNLL1 (8655),DYNLL1,8655,0.3533576738795153,0.5151515151515151,33
EAF1 (85403),EAF1,85403,0.37052741449386206,0.3333333333333333,33
EAPP (55837),EAPP,55837,0.40803278284463335,0.6666666666666666,33
EARS2 (124454),EARS2,124454,0.37085023523413885,0.48484848484848486,33
EED (8726),EED,8726,0.34705082100494455,0.24242424242424243,33
EEFSEC (60678),EEFSEC,60678,0.3355228092842107,0.3939393939393939,33
EFR3A (23167),EFR3A,23167,0.5436205640665253,0.2727272727272727,33
EGLN1 (54583),EGLN1,54583,0.3975715918742858,0.06060606060606061,33
EIF2AK4 (440275),EIF2AK4,440275,0.3770879818873723,0.24242424242424243,33
EIF5AL1 (143244),EIF5AL1,143244,0.3095817766164161,0.42424242424242425,33
ELAVL1 (1994),ELAVL1,1994,0.3266365088916468,0.18181818181818182,33
ELMO2 (63916),ELMO2,63916,0.3895624008279572,0.2727272727272727,33
ELOF1 (84337),ELOF1,84337,0.28541462066082807,0.3939393939393939,33
ELP2 (55250),ELP2,55250,0.29015525301398115,0.696969696969697,33
ELP4 (26610),ELP4,26610,0.28915920966136,0.3939393939393939,33
ENO1 (2023),ENO1,2023,0.31602684555226057,0.6363636363636364,33
EP300 (2033),EP300,2033,0.4560189695141663,0.3333333333333333,33
ESCO2 (157570),ESCO2,157570,0.29071364706821423,0.18181818181818182,33
EXOC1 (55763),EXOC1,55763,0.3278117817580454,0.45454545454545453,33
EXOSC10 (5394),EXOSC10,5394,0.2848500771224304,0.7878787878787878,33
FADD (8772),FADD,8772,0.34573257557543496,0.18181818181818182,33
FAF2 (23197),FAF2,23197,0.2996250940785084,0.6060606060606061,33
FAM185A (222234),FAM185A,222234,0.28762511846054617,0.06060606060606061,33
FAM210A (125228),FAM210A,125228,0.3508902205823529,0.45454545454545453,33
FAM50A (9130),FAM50A,9130,0.6892585800830612,0.5757575757575758,33
FAM98B (283742),FAM98B,283742,0.31252714178946484,0.3333333333333333,33
FARS2 (10667),FARS2,10667,0.3176133153642057,0.45454545454545453,33
FBXO42 (54455),FBXO42,54455,0.3701090012427569,0.15151515151515152,33
FBXW11 (23291),FBXW11,23291,0.2873472931246995,0.15151515151515152,33
FDFT1 (2222),FDFT1,2222,0.28947192618327705,0.06060606060606061,33
FDPS (2224),FDPS,2224,0.40126690316765706,0.6666666666666666,33
FDX1 (2230),FDX1,2230,0.2909736136661454,0.3333333333333333,33
FDXR (2232),FDXR,2232,0.3153537951072495,0.696969696969697,33
FECH (2235),FECH,2235,0.3876120118546644,0.3333333333333333,33
FERMT1 (55612),FERMT1,55612,0.4578431558007018,0.15151515151515152,33
FERMT2 (10979),FERMT2,10979,0.6283254632462342,0.5757575757575758,33
FGFR1 (2260),FGFR1,2260,0.4245767187927781,0.12121212121212122,33
FLII (2314),FLII,2314,0.30325412205213625,0.36363636363636365,33
FOSL1 (8061),FOSL1,8061,0.3429911825209941,0.30303030303030304,33
FOXA2 (3170),FOXA2,3170,0.3495756218120155,0.09090909090909091,33
FOXO3B (2310),FOXO3B,2310,0.3393494025050988,0.15151515151515152,33
FPGS (2356),FPGS,2356,0.5868698851005689,0.45454545454545453,33
FURIN (5045),FURIN,5045,0.3467864654201784,0.24242424242424243,33
FXN (2395),FXN,2395,0.44915249393309287,0.5454545454545454,33
FZD5 (7855),FZD5,7855,0.4914633705832182,0.09090909090909091,33
GABPA (2551),GABPA,2551,0.3016425633218094,0.7575757575757576,33
GABPB1 (2553),GABPB1,2553,0.29924024272096583,0.48484848484848486,33
GART (2618),GART,2618,0.555364244419847,0.42424242424242425,33
GCN1 (10985),GCN1,10985,0.30162783407371313,0.6666666666666666,33
GEMIN2 (8487),GEMIN2,8487,0.40279296523639624,0.6666666666666666,33
GEMIN4 (50628),GEMIN4,50628,0.3036043832486474,0.6060606060606061,33
GEMIN7 (79760),GEMIN7,79760,0.2881024200262397,0.7878787878787878,33
GFM1 (85476),GFM1,85476,0.3222106896839731,0.5151515151515151,33
GFPT1 (2673),GFPT1,2673,0.35104558186019624,0.30303030303030304,33
GLMN (11146),GLMN,11146,0.29883739681099464,0.2727272727272727,33
GLRX5 (51218),GLRX5,51218,0.3010973776388415,0.5454545454545454,33
GMNN (51053),GMNN,51053,0.43179426289871425,0.5454545454545454,33
GMPS (8833),GMPS,8833,0.6945470006250498,0.7575757575757576,33
GOLGA7 (51125),GOLGA7,51125,0.3438779030974909,0.09090909090909091,33
GOLT1B (51026),GOLT1B,51026,0.30587627282764224,0.06060606060606061,33
GPI (2821),GPI,2821,0.3755885706428532,0.36363636363636365,33
GPX4 (2879),GPX4,2879,0.5647548592387939,0.45454545454545453,33
GRB2 (2885),GRB2,2885,0.5466046812653519,0.6060606060606061,33
GRSF1 (2926),GRSF1,2926,0.3010375706855217,0.3333333333333333,33
GTF3C3 (9330),GTF3C3,9330,0.28791808785001044,0.3333333333333333,33
H2AX (3014),H2AX,3014,0.2944152717173317,0.696969696969697,33
H2BC5 (3017),H2BC5,3017,0.28965456070902196,0.5757575757575758,33
H2BC9 (8345),H2BC9,8345,0.3401792517449652,0.36363636363636365,33
HAPLN2 (60484),HAPLN2,60484,0.28809127983603,0.30303030303030304,33
HAPSTR1 (29035),HAPSTR1,29035,0.3062667665266353,0.36363636363636365,33
HARS2 (23438),HARS2,23438,0.36939809641164334,0.5454545454545454,33
HAUS8 (93323),HAUS8,93323,0.2957627339282124,0.7575757575757576,33
HECTD1 (25831),HECTD1,25831,0.32624923114408766,0.30303030303030304,33
HEMK2 (29104),HEMK2,29104,0.41366448074257756,0.5757575757575758,33
HMBS (3145),HMBS,3145,0.28603137339498225,0.09090909090909091,33
HNF1A (6927),HNF1A,6927,0.41999173503064763,0.09090909090909091,33
HNF1B (6928),HNF1B,6928,0.4654119364916149,0.12121212121212122,33
HNRNPA2B1 (3181),HNRNPA2B1,3181,0.28387059371269074,0.21212121212121213,33
HNRNPR (10236),HNRNPR,10236,0.29090144810536844,0.2727272727272727,33
HSD17B10 (3028),HSD17B10,3028,0.3688664119032964,0.42424242424242425,33
HSP90B1 (7184),HSP90B1,7184,0.3841465224298702,0.5454545454545454,33
HSPA8 (3312),HSPA8,3312,0.5579577180829195,0.3333333333333333,33
HUS1 (3364),HUS1,3364,0.3322113092620644,0.5454545454545454,33
HYCC2 (285172),HYCC2,285172,0.3159542838275771,0.09090909090909091,33
ICE2 (79664),ICE2,79664,0.3584927191691081,0.5757575757575758,33
IDH3A (3419),IDH3A,3419,0.41516243125831487,0.36363636363636365,33
IER3IP1 (51124),IER3IP1,51124,0.35120525804855984,0.24242424242424243,33
IGF1R (3480),IGF1R,3480,0.43316374484127934,0.21212121212121213,33
ILK (3611),ILK,3611,0.3708419267318767,0.3333333333333333,33
IMPDH2 (3615),IMPDH2,3615,0.541159602789741,0.5151515151515151,33
INTS15 (79034),INTS15,79034,0.2841059240086488,0.5151515151515151,33
INTS6 (26512),INTS6,26512,0.8987427968771396,0.7575757575757576,33
IPPK (64768),IPPK,64768,0.41157309609928994,0.30303030303030304,33
IRF2BP2 (359948),IRF2BP2,359948,0.31077694927817107,0.12121212121212122,33
IRS2 (8660),IRS2,8660,0.40654202494238945,0.18181818181818182,33
ISCA2 (122961),ISCA2,122961,0.2915974011314014,0.7878787878787878,33
ITGAV (3685),ITGAV,3685,0.4520227267586846,0.6666666666666666,33
ITGB1 (3688),ITGB1,3688,0.41133527223867256,0.09090909090909091,33
ITGB5 (3693),ITGB5,3693,0.4498802710937018,0.5454545454545454,33
JTB (10899),JTB,10899,0.3219815924905625,0.12121212121212122,33
JUN (3725),JUN,3725,0.34594243329025953,0.15151515151515152,33
KANSL1 (284058),KANSL1,284058,0.34767037956138375,0.7272727272727273,33
KATNB1 (10300),KATNB1,10300,0.32806144285660005,0.3333333333333333,33
KCMF1 (56888),KCMF1,56888,0.43962240479729736,0.7878787878787878,33
KCTD5 (54442),KCTD5,54442,0.3422748888443445,0.09090909090909091,33
KDM2A (22992),KDM2A,22992,0.30866516754977547,0.5151515151515151,33
KEAP1 (9817),KEAP1,9817,0.3480242272788283,0.12121212121212122,33
KIF14 (9928),KIF14,9928,0.3402863818412546,0.48484848484848486,33
KIF18B (146909),KIF18B,146909,0.3268145699989287,0.42424242424242425,33
KIF20A (10112),KIF20A,10112,0.3101764038611195,0.48484848484848486,33
KIF4A (24137),KIF4A,24137,0.37942708532652236,0.6666666666666666,33
KLF5 (688),KLF5,688,0.5576564334645385,0.21212121212121213,33
KNTC1 (9735),KNTC1,9735,0.4208748690249365,0.30303030303030304,33
KRAS (3845),KRAS,3845,1.0162782300613047,0.7878787878787878,33
KRTCAP2 (200185),KRTCAP2,200185,0.2925421472117087,0.09090909090909091,33
LAMTOR2 (28956),LAMTOR2,28956,0.33601829414984724,0.42424242424242425,33
LDB1 (8861),LDB1,8861,0.4676139458109566,0.18181818181818182,33
LDLR (3949),LDLR,3949,0.2931024116763221,0.21212121212121213,33
LIPT1 (51601),LIPT1,51601,0.32173313625547595,0.24242424242424243,33
LMNA (4000),LMNA,4000,0.31864266075953135,0.21212121212121213,33
LRPPRC (10128),LRPPRC,10128,0.375111828548862,0.6060606060606061,33
LSM12 (124801),LSM12,124801,0.33464876939958216,0.5151515151515151,33
MAD2L1BP (9587),MAD2L1BP,9587,0.2868961637466641,0.5757575757575758,33
MAPK1 (5594),MAPK1,5594,0.407854497196027,0.15151515151515152,33
MAPK14 (1432),MAPK14,1432,0.31485661780381863,0.09090909090909091,33
MAU2 (23383),MAU2,23383,0.3479245619847933,0.48484848484848486,33
MBTPS1 (8720),MBTPS1,8720,0.44622436068687726,0.6363636363636364,33
MBTPS2 (51360),MBTPS2,51360,0.3767736605214113,0.696969696969697,33
MCL1 (4170),MCL1,4170,0.5792757219046256,0.48484848484848486,33
MCMBP (79892),MCMBP,79892,0.29743381031781235,0.7575757575757576,33
MDM2 (4193),MDM2,4193,0.5863993375091376,0.5757575757575758,33
MDM4 (4194),MDM4,4194,0.49033762275877407,0.2727272727272727,33
MED1 (5469),MED1,5469,0.49208812417429676,0.5454545454545454,33
MED12 (9968),MED12,9968,0.4369722589833915,0.48484848484848486,33
MED19 (219541),MED19,219541,0.41475640992096674,0.3939393939393939,33
MED23 (9439),MED23,9439,0.38032421512610326,0.18181818181818182,33
MED24 (9862),MED24,9862,0.3650523395699349,0.3939393939393939,33
MED9 (55090),MED9,55090,0.3732852854272118,0.7575757575757576,33
MEN1 (4221),MEN1,4221,0.31344591401185246,0.21212121212121213,33
METAP1 (23173),METAP1,23173,0.38514429008545326,0.6666666666666666,33
METTL1 (4234),METTL1,4234,0.3470628595684204,0.48484848484848486,33
METTL17 (64745),METTL17,64745,0.30425923977185687,0.5757575757575758,33
MFN2 (9927),MFN2,9927,0.5165507899824565,0.7575757575757576,33
MIB1 (57534),MIB1,57534,0.30481160605767005,0.18181818181818182,33
MICOS10 (440574),MICOS10,440574,0.430018582139053,0.696969696969697,33
MIOS (54468),MIOS,54468,0.30353197561913675,0.2727272727272727,33
MIPEP (4285),MIPEP,4285,0.2923097109499277,0.36363636363636365,33
MLST8 (64223),MLST8,64223,0.35263879934099435,0.6060606060606061,33
MMGT1 (93380),MMGT1,93380,0.3201909593753103,0.2727272727272727,33
MNAT1 (4331),MNAT1,4331,0.3217293726310921,0.7575757575757576,33
MPPE1 (65258),MPPE1,65258,0.2961634750210156,0.12121212121212122,33
MRPL12 (6182),MRPL12,6182,0.39271054788425686,0.5454545454545454,33
MRPL15 (29088),MRPL15,29088,0.3193126162220302,0.48484848484848486,33
MRPL18 (29074),MRPL18,29074,0.3727346839422028,0.5151515151515151,33
MRPL28 (10573),MRPL28,10573,0.3044183997470708,0.45454545454545453,33
MRPL32 (64983),MRPL32,64983,0.29983970677442906,0.5757575757575758,33
MRPL35 (51318),MRPL35,51318,0.32384343570465157,0.5757575757575758,33
MRPL38 (64978),MRPL38,64978,0.3241667497475346,0.7878787878787878,33
MRPL39 (54148),MRPL39,54148,0.3127229956966608,0.5757575757575758,33
MRPL4 (51073),MRPL4,51073,0.3635451243157362,0.7878787878787878,33
MRPL41 (64975),MRPL41,64975,0.35064437306812557,0.6666666666666666,33
MRPL49 (740),MRPL49,740,0.40943628681177124,0.7878787878787878,33
MRPL53 (116540),MRPL53,116540,0.34382865678154323,0.7272727272727273,33
MRPL55 (128308),MRPL55,128308,0.28715101905497653,0.6060606060606061,33
MRPS10 (55173),MRPS10,55173,0.35098201215678443,0.5454545454545454,33
MRPS11 (64963),MRPS11,64963,0.45716952852357956,0.7272727272727273,33
MRPS12 (6183),MRPS12,6183,0.3244953923597846,0.6363636363636364,33
MRPS14 (63931),MRPS14,63931,0.31746727423002197,0.6363636363636364,33
MRPS16 (51021),MRPS16,51021,0.2850507894915296,0.7272727272727273,33
MRPS24 (64951),MRPS24,64951,0.3097979400958592,0.42424242424242425,33
MRPS25 (64432),MRPS25,64432,0.2871931508597357,0.48484848484848486,33
MRPS34 (65993),MRPS34,65993,0.3124399088984243,0.7272727272727273,33
MRPS5 (64969),MRPS5,64969,0.36541995194510013,0.696969696969697,33
MRPS6 (64968),MRPS6,64968,0.3767996740993364,0.6060606060606061,33
MRPS7 (51081),MRPS7,51081,0.31835917615686377,0.45454545454545453,33
MTCH2 (23788),MTCH2,23788,0.4152434133458698,0.18181818181818182,33
MTG1 (92170),MTG1,92170,0.28786613535375405,0.30303030303030304,33
MTG2 (26164),MTG2,26164,0.30099301891926145,0.5151515151515151,33
MTHFD1 (4522),MTHFD1,4522,0.4498195177490788,0.3333333333333333,33
MTPAP (55149),MTPAP,55149,0.3085685819400093,0.7878787878787878,33
MTX2 (10651),MTX2,10651,0.5980267604717912,0.15151515151515152,33
MVD (4597),MVD,4597,0.34941544529610813,0.7272727272727273,33
MYB (4602),MYB,4602,0.5138550963664726,0.15151515151515152,33
MYBBP1A (10514),MYBBP1A,10514,0.28528404001603513,0.7878787878787878,33
MYBL2 (4605),MYBL2,4605,0.30291834321623673,0.36363636363636365,33
MYH9 (4627),MYH9,4627,0.42597278675781214,0.45454545454545453,33
NAA20 (51126),NAA20,51126,0.29715986559655555,0.7878787878787878,33
NAMPT (10135),NAMPT,10135,0.6707580833445856,0.2727272727272727,33
NAPG (8774),NAPG,8774,0.5390803917687612,0.696969696969697,33
NARS2 (79731),NARS2,79731,0.2949778941229381,0.18181818181818182,33
NBAS (51594),NBAS,51594,0.3524035028177392,0.3939393939393939,33
NCAPD3 (23310),NCAPD3,23310,0.4767762088080708,0.7878787878787878,33
NCKAP1 (10787),NCKAP1,10787,0.3305107401512355,0.5454545454545454,33
NDC1 (55706),NDC1,55706,0.3350752834399457,0.7878787878787878,33
NDE1 (54820),NDE1,54820,0.3644505954692513,0.45454545454545453,33
NDUFA4 (4697),NDUFA4,4697,0.3500556938681799,0.42424242424242425,33
NDUFA8 (4702),NDUFA8,4702,0.33671366339801767,0.48484848484848486,33
NDUFAB1 (4706),NDUFAB1,4706,0.3784330664175219,0.7878787878787878,33
NDUFB10 (4716),NDUFB10,4716,0.31533448884640014,0.696969696969697,33
NDUFB11 (54539),NDUFB11,54539,0.3312093454377605,0.30303030303030304,33
NDUFB3 (4709),NDUFB3,4709,0.288847250292828,0.7272727272727273,33
NDUFB4 (4710),NDUFB4,4710,0.3265075390607245,0.5757575757575758,33
NDUFB6 (4712),NDUFB6,4712,0.2850462864913129,0.5151515151515151,33
NDUFC2 (4718),NDUFC2,4718,0.3025367840822386,0.3939393939393939,33
NELFCD (51497),NELFCD,51497,0.31735302030760565,0.7575757575757576,33
NFE2L2 (4780),NFE2L2,4780,0.39917452115589996,0.21212121212121213,33
NFRKB (4798),NFRKB,4798,0.28639562657636836,0.36363636363636365,33
NHLRC2 (374354),NHLRC2,374354,0.5481219342218269,0.6363636363636364,33
NIPBL (25836),NIPBL,25836,0.2911329760315626,0.24242424242424243,33
NMNAT1 (64802),NMNAT1,64802,0.45798073143003515,0.2727272727272727,33
NMT1 (4836),NMT1,4836,0.3914512175602828,0.7272727272727273,33
NOA1 (84273),NOA1,84273,0.3451157027114649,0.2727272727272727,33
NONO (4841),NONO,4841,0.30080209315584744,0.21212121212121213,33
NPEPPS (9520),NPEPPS,9520,0.3592047033701386,0.6666666666666666,33
NR2C2AP (126382),NR2C2AP,126382,0.32801588814206556,0.45454545454545453,33
NRAS (4893),NRAS,4893,0.668463374370801,0.12121212121212122,33
NSMCE4A (54780),NSMCE4A,54780,0.2872335661077233,0.24242424242424243,33
NUP50 (10762),NUP50,10762,0.38129444829062165,0.5151515151515151,33
NXT1 (29107),NXT1,29107,0.48421471228024904,0.45454545454545453,33
OGDH (4967),OGDH,4967,0.44606883591810953,0.6060606060606061,33
OPA1 (4976),OPA1,4976,0.3591498259020279,0.5454545454545454,33
OTUD5 (55593),OTUD5,55593,0.3219727013417596,0.24242424242424243,33
OXSM (54995),OXSM,54995,0.29390006664193474,0.12121212121212122,33
P2RY6 (5031),P2RY6,5031,0.3336168517516687,0.12121212121212122,33
PAGR1 (79447),PAGR1,79447,0.3005706008168497,0.09090909090909091,33
PAICS (10606),PAICS,10606,0.44456305260865947,0.45454545454545453,33
PARD6B (84612),PARD6B,84612,0.30412163758867117,0.15151515151515152,33
PARS2 (25973),PARS2,25973,0.28374455548628413,0.6363636363636364,33
PAXIP1 (22976),PAXIP1,22976,0.3893611969379654,0.18181818181818182,33
PCNX3 (399909),PCNX3,399909,0.29573003400440206,0.36363636363636365,33
PCYT1A (5130),PCYT1A,5130,0.3587923359906566,0.6060606060606061,33
PDCD5 (9141),PDCD5,9141,0.34174384197249197,0.36363636363636365,33
PDCD7 (10081),PDCD7,10081,0.2889602661227712,0.7575757575757576,33
PDS5A (23244),PDS5A,23244,0.3117066639635295,0.2727272727272727,33
PET117 (100303755),PET117,100303755,0.32872068632356516,0.2727272727272727,33
PFAS (5198),PFAS,5198,0.5244580939080896,0.36363636363636365,33
PFDN1 (5201),PFDN1,5201,0.35892037413509165,0.6363636363636364,33
PFDN5 (5204),PFDN5,5204,0.30723416721938024,0.7575757575757576,33
PFN1 (5216),PFN1,5216,0.605290856368987,0.7272727272727273,33
PGM3 (5238),PGM3,5238,0.34573432730466214,0.2727272727272727,33
PGP (283871),PGP,283871,0.2905365207996229,0.18181818181818182,33
PHF12 (57649),PHF12,57649,0.3469750278485292,0.5454545454545454,33
PIK3CA (5290),PIK3CA,5290,0.35314744068038256,0.3939393939393939,33
PITRM1 (10531),PITRM1,10531,0.29447125617694264,0.24242424242424243,33
PKN2 (5586),PKN2,5586,0.32136138619697996,0.30303030303030304,33
PMM2 (5373),PMM2,5373,0.2916415846375662,0.15151515151515152,33
PNKP (11284),PNKP,11284,0.3126907955678416,0.6060606060606061,33
POLE3 (54107),POLE3,54107,0.294394822387128,0.42424242424242425,33
POLG (5428),POLG,5428,0.30175337032775795,0.24242424242424243,33
POLRMT (5442),POLRMT,5442,0.3033622364239307,0.45454545454545453,33
POP7 (10248),POP7,10248,0.30257708497498503,0.7878787878787878,33
PPA2 (27068),PPA2,27068,0.3058908834177022,0.42424242424242425,33
PPAT (5471),PPAT,5471,0.5700334283576631,0.5757575757575758,33
PPIL1 (51645),PPIL1,51645,0.4153618458336769,0.7878787878787878,33
PPM1D (8493),PPM1D,8493,0.38386749530824393,0.24242424242424243,33
PPP1CA (5499),PPP1CA,5499,0.3769621735654462,0.6666666666666666,33
PPP1CB (5500),PPP1CB,5500,0.3666284616228226,0.7575757575757576,33
PPP1R15B (84919),PPP1R15B,84919,0.42330368521809664,0.7575757575757576,33
PPP2R2A (5520),PPP2R2A,5520,0.3580838078661044,0.30303030303030304,33
PPP2R3C (55012),PPP2R3C,55012,0.32549002114166936,0.7272727272727273,33
PPP4R2 (151987),PPP4R2,151987,0.36632451827327145,0.7878787878787878,33
PPP6C (5537),PPP6C,5537,0.32406962652807264,0.5757575757575758,33
PPP6R3 (55291),PPP6R3,55291,0.29763277383776626,0.2727272727272727,33
PRDX1 (5052),PRDX1,5052,0.32666316347640506,0.18181818181818182,33
PRKAR1A (5573),PRKAR1A,5573,0.29497114117687184,0.15151515151515152,33
PRKRA (8575),PRKRA,8575,0.38160863407950274,0.6363636363636364,33
PRPF39 (55015),PRPF39,55015,0.30425928278974207,0.3939393939393939,33
PRRC2A (7916),PRRC2A,7916,0.3377977258395716,0.48484848484848486,33
PSMG1 (8624),PSMG1,8624,0.5323616978263258,0.6060606060606061,33
PSMG2 (56984),PSMG2,56984,0.4955883264053576,0.6666666666666666,33
PTDSS1 (9791),PTDSS1,9791,0.3095336231088547,0.24242424242424243,33
PTK2 (5747),PTK2,5747,0.5154402261952997,0.6363636363636364,33
PTMA (5757),PTMA,5757,0.3027666131568244,0.5454545454545454,33
PTP4A1 (7803),PTP4A1,7803,0.2903200009539895,0.21212121212121213,33
PTPA (5524),PTPA,5524,0.33476563227043377,0.7878787878787878,33
PTPMT1 (114971),PTPMT1,114971,0.29349485988799123,0.5454545454545454,33
PTPN11 (5781),PTPN11,5781,0.3798584001367801,0.5454545454545454,33
RAB10 (10890),RAB10,10890,0.4951625859945532,0.48484848484848486,33
RAB6A (5870),RAB6A,5870,0.4760679002490934,0.36363636363636365,33
RAD1 (5810),RAD1,5810,0.3035691587566031,0.48484848484848486,33
RAD51C (5889),RAD51C,5889,0.34543045094598246,0.7878787878787878,33
RAD51D (5892),RAD51D,5892,0.3198845865485646,0.7878787878787878,33
RAF1 (5894),RAF1,5894,0.355430229905953,0.09090909090909091,33
RARS2 (57038),RARS2,57038,0.3342321851018277,0.6060606060606061,33
RBBP7 (5931),RBBP7,5931,0.30993474108144164,0.18181818181818182,33
RBM18 (92400),RBM18,92400,0.35710776626671026,0.21212121212121213,33
RELA (5970),RELA,5970,0.2863410407364907,0.24242424242424243,33
REXO2 (25996),REXO2,25996,0.3197579658298194,0.12121212121212122,33
RFK (55312),RFK,55312,0.332465230958531,0.36363636363636365,33
RGP1 (9827),RGP1,9827,0.30850827536240594,0.3939393939393939,33
RHEB (6009),RHEB,6009,0.3654582882404123,0.3939393939393939,33
RHOA (387),RHOA,387,0.3182695903555751,0.45454545454545453,33
RIC1 (57589),RIC1,57589,0.4639183350409579,0.48484848484848486,33
RIC8A (60626),RIC8A,60626,0.2935133272382291,0.15151515151515152,33
RNF168 (165918),RNF168,165918,0.30378153338256525,0.3939393939393939,33
RNF4 (6047),RNF4,6047,0.3752137386401623,0.6363636363636364,33
RPAP2 (79871),RPAP2,79871,0.3499661643852843,0.7878787878787878,33
RPIA (22934),RPIA,22934,0.35034627542591507,0.30303030303030304,33
RPL22L1 (200916),RPL22L1,200916,0.5063443911011324,0.30303030303030304,33
RPP25L (138716),RPP25L,138716,0.4630141220516166,0.3333333333333333,33
RPRD1B (58490),RPRD1B,58490,0.3764567660863533,0.42424242424242425,33
RPUSD4 (84881),RPUSD4,84881,0.288811550173579,0.36363636363636365,33
RRAGC (64121),RRAGC,64121,0.4077134533775715,0.24242424242424243,33
RTTN (25914),RTTN,25914,0.3435627056898958,0.5454545454545454,33
SAMD4B (55095),SAMD4B,55095,0.342853357534849,0.15151515151515152,33
SAMM50 (25813),SAMM50,25813,0.42394645541332326,0.5757575757575758,33
SARNP (84324),SARNP,84324,0.2859472076286309,0.5151515151515151,33
SARS2 (54938),SARS2,54938,0.3699384442250076,0.7272727272727273,33
SCAP (22937),SCAP,22937,0.8419675991902105,0.696969696969697,33
SCD (6319),SCD,6319,0.5671265510797169,0.6363636363636364,33
SDHA (6389),SDHA,6389,0.30389198060313294,0.2727272727272727,33
SDHB (6390),SDHB,6390,0.5309826394885597,0.48484848484848486,33
SDHD (6392),SDHD,6392,0.40194112885471756,0.6666666666666666,33
SEC62 (7095),SEC62,7095,0.3036470606391511,0.21212121212121213,33
SEPHS2 (22928),SEPHS2,22928,0.35576354255619774,0.6363636363636364,33
SEPSECS (51091),SEPSECS,51091,0.4046675897246902,0.48484848484848486,33
SERBP1 (26135),SERBP1,26135,0.395035070842707,0.6666666666666666,33
SGF29 (112869),SGF29,112869,0.3207820504028489,0.45454545454545453,33
SHOC2 (8036),SHOC2,8036,0.39307326569411105,0.18181818181818182,33
SKA1 (220134),SKA1,220134,0.2995525757150634,0.5151515151515151,33
SLC16A1 (6566),SLC16A1,6566,0.33300847861626004,0.12121212121212122,33
SLC20A1 (6574),SLC20A1,6574,0.3192315297003787,0.15151515151515152,33
SLC25A26 (115286),SLC25A26,115286,0.2930464097043999,0.48484848484848486,33
SLC25A28 (81894),SLC25A28,81894,0.40993751329462125,0.18181818181818182,33
SLC25A3 (5250),SLC25A3,5250,0.33793802306675297,0.7878787878787878,33
SLC2A1 (6513),SLC2A1,6513,0.41995811787550213,0.42424242424242425,33
SLC30A9 (10463),SLC30A9,10463,0.3588157254119666,0.2727272727272727,33
SLC33A1 (9197),SLC33A1,9197,0.29363564580996426,0.09090909090909091,33
SLC38A2 (54407),SLC38A2,54407,0.29371841960050005,0.42424242424242425,33
SLC3A2 (6520),SLC3A2,6520,0.3351642518142689,0.3333333333333333,33
SLC7A1 (6541),SLC7A1,6541,0.41844805765909276,0.18181818181818182,33
SLC7A5 (8140),SLC7A5,8140,0.4862860319837513,0.21212121212121213,33
SMARCB1 (6598),SMARCB1,6598,0.3725012989595454,0.7575757575757576,33
SMARCE1 (6605),SMARCE1,6605,0.2960841117473548,0.48484848484848486,33
SMC5 (23137),SMC5,23137,0.2841647968819911,0.7575757575757576,33
SMCHD1 (23347),SMCHD1,23347,0.33067163394992516,0.06060606060606061,33
SMG7 (9887),SMG7,9887,0.32585421936976766,0.42424242424242425,33
SNAP23 (8773),SNAP23,8773,0.7848878002654733,0.6363636363636364,33
SNRPB2 (6629),SNRPB2,6629,0.4701511417490214,0.6060606060606061,33
SOCS3 (9021),SOCS3,9021,0.43325320212638085,0.15151515151515152,33
SOD2 (6648),SOD2,6648,0.5656116080807494,0.7575757575757576,33
SOX10 (6663),SOX10,6663,0.35725490959345296,0.21212121212121213,33
SOX9 (6662),SOX9,6662,0.3068684198244083,0.2727272727272727,33
SQLE (6713),SQLE,6713,0.3061608556926556,0.06060606060606061,33
SREBF1 (6720),SREBF1,6720,0.4062261523629986,0.42424242424242425,33
SRSF10 (10772),SRSF10,10772,0.3179826472610716,0.696969696969697,33
SSBP1 (6742),SSBP1,6742,0.3305909578712298,0.45454545454545453,33
SSBP3 (23648),SSBP3,23648,0.2941582085857098,0.36363636363636365,33
STAG2 (10735),STAG2,10735,0.3719560402832321,0.09090909090909091,33
STAMBP (10617),STAMBP,10617,0.28784335377662745,0.2727272727272727,33
STEEP1 (63932),STEEP1,63932,0.4431447367116079,0.36363636363636365,33
STIL (6491),STIL,6491,0.30505543070748115,0.6666666666666666,33
STK11 (6794),STK11,6794,0.3915471131850601,0.18181818181818182,33
STN1 (79991),STN1,79991,0.40064233972717533,0.30303030303030304,33
STX4 (6810),STX4,6810,0.31652656826790077,0.12121212121212122,33
SUGT1 (10910),SUGT1,10910,0.3294258351212531,0.7575757575757576,33
SYNCRIP (10492),SYNCRIP,10492,0.3293171698147453,0.24242424242424243,33
TACC3 (10460),TACC3,10460,0.3445448912522796,0.5757575757575758,33
TADA1 (117143),TADA1,117143,0.2841135082732195,0.15151515151515152,33
TAF1D (79101),TAF1D,79101,0.352871128267645,0.7272727272727273,33
TAF5L (27097),TAF5L,27097,0.351890455780295,0.24242424242424243,33
TAFAZZIN (6901),TAFAZZIN,6901,0.4985377662900903,0.2727272727272727,33
TAMM41 (132001),TAMM41,132001,0.4919441368210362,0.7878787878787878,33
TAPT1 (202018),TAPT1,202018,0.304843315378478,0.21212121212121213,33
TCF7L2 (6934),TCF7L2,6934,0.39487642741243245,0.24242424242424243,33
TCOF1 (6949),TCOF1,6949,0.32594669785408176,0.45454545454545453,33
TDP2 (51567),TDP2,51567,0.28664840510735884,0.21212121212121213,33
TEAD1 (7003),TEAD1,7003,0.28919844545588785,0.2727272727272727,33
TEDC1 (283643),TEDC1,283643,0.31495924529381875,0.3939393939393939,33
TELO2 (9894),TELO2,9894,0.30118640856971374,0.696969696969697,33
TEN1 (100134934),TEN1,100134934,0.3031585594444745,0.45454545454545453,33
TFAM (7019),TFAM,7019,0.34904499188942173,0.6666666666666666,33
TFB2M (64216),TFB2M,64216,0.35925760123221023,0.6666666666666666,33
TFRC (7037),TFRC,7037,0.5893000728230612,0.7575757575757576,33
TGIF1 (7050),TGIF1,7050,0.2975210213863989,0.18181818181818182,33
THAP11 (57215),THAP11,57215,0.32612461546534033,0.42424242424242425,33
THG1L (54974),THG1L,54974,0.28520665228956293,0.696969696969697,33
TIGD3 (220359),TIGD3,220359,0.28514031236262805,0.06060606060606061,33
TIMM17A (10440),TIMM17A,10440,0.5489307975079291,0.21212121212121213,33
TIMM22 (29928),TIMM22,29928,0.3605750674257259,0.48484848484848486,33
TIMM29 (90580),TIMM29,90580,0.3095230988807593,0.6666666666666666,33
TIMM8A (1678),TIMM8A,1678,0.32607303601948234,0.5151515151515151,33
TIPRL (261726),TIPRL,261726,0.3072280097132513,0.42424242424242425,33
TKT (7086),TKT,7086,0.36033631022074397,0.3939393939393939,33
TMED10 (10972),TMED10,10972,0.4513040742232447,0.36363636363636365,33
TMED2 (10959),TMED2,10959,0.3660001425002783,0.6363636363636364,33
TMX2 (51075),TMX2,51075,0.33663200808600396,0.45454545454545453,33
TOE1 (114034),TOE1,114034,0.36215747025593903,0.6666666666666666,33
TOMM20 (9804),TOMM20,9804,0.3350635164250767,0.7878787878787878,33
TOMM70 (9868),TOMM70,9868,0.32416978137944097,0.2727272727272727,33
TRAF7 (84231),TRAF7,84231,0.3514760989908014,0.18181818181818182,33
TRERF1 (55809),TRERF1,55809,0.2913418249984702,0.09090909090909091,33
TRIM28 (10155),TRIM28,10155,0.34852285068136873,0.18181818181818182,33
TRIM37 (4591),TRIM37,4591,0.36830246926283805,0.2727272727272727,33
TRIP13 (9319),TRIP13,9319,0.3064579239723735,0.21212121212121213,33
TRIT1 (54802),TRIT1,54802,0.33674468058707685,0.3333333333333333,33
TRNAU1AP (54952),TRNAU1AP,54952,0.3294733818542878,0.21212121212121213,33
TRPM7 (54822),TRPM7,54822,0.43105703726881106,0.6666666666666666,33
TSC1 (7248),TSC1,7248,0.3967523633727212,0.06060606060606061,33
TSC2 (7249),TSC2,7249,0.4630067461282463,0.24242424242424243,33
TSC22D2 (9819),TSC22D2,9819,0.3747029501330401,0.2727272727272727,33
TTC7A (57217),TTC7A,57217,0.6238235796833785,0.18181818181818182,33
TUBB3 (10381),TUBB3,10381,0.28564749231006775,0.09090909090909091,33
TUBE1 (51175),TUBE1,51175,0.30547831009139087,0.5151515151515151,33
TWNK (56652),TWNK,56652,0.3294716913852285,0.5151515151515151,33
TXNRD1 (7296),TXNRD1,7296,0.40556316016953725,0.42424242424242425,33
TYMS (7298),TYMS,7298,0.907497402881935,0.36363636363636365,33
UAP1 (6675),UAP1,6675,0.3449010787036137,0.21212121212121213,33
UBA5 (79876),UBA5,79876,0.40563817935184104,0.6060606060606061,33
UBAP2L (9898),UBAP2L,9898,0.28781765257520736,0.18181818181818182,33
UBE2C (11065),UBE2C,11065,0.3000272470565358,0.7878787878787878,33
UBE2D3 (7323),UBE2D3,7323,0.609821209942779,0.7878787878787878,33
UBE2H (7328),UBE2H,7328,0.4101023812232134,0.42424242424242425,33
UBE2S (27338),UBE2S,27338,0.2956331643366711,0.45454545454545453,33
UBE2Z (65264),UBE2Z,65264,0.2967905172972166,0.36363636363636365,33
UBIAD1 (29914),UBIAD1,29914,0.5173761069697409,0.6363636363636364,33
UBQLN4 (56893),UBQLN4,56893,0.3061082473774566,0.5757575757575758,33
UBR5 (51366),UBR5,51366,0.2932967364067248,0.5757575757575758,33
UFM1 (51569),UFM1,51569,0.37204916881204314,0.48484848484848486,33
UMPS (7372),UMPS,7372,0.6128301195167618,0.48484848484848486,33
UQCRC2 (7385),UQCRC2,7385,0.3077038468103497,0.6363636363636364,33
UROD (7389),UROD,7389,0.6955486223424941,0.7575757575757576,33
USE1 (55850),USE1,55850,0.29140432417209555,0.3939393939393939,33
USP1 (7398),USP1,7398,0.3025619592983837,0.2727272727272727,33
USP7 (7874),USP7,7874,0.5923088482390725,0.7575757575757576,33
USP8 (9101),USP8,9101,0.29562849455715234,0.7272727272727273,33
USP9X (8239),USP9X,8239,0.36044847626536936,0.6666666666666666,33
UXS1 (80146),UXS1,80146,0.3840733977856621,0.42424242424242425,33
VARS2 (57176),VARS2,57176,0.3004513278712784,0.6060606060606061,33
VBP1 (7411),VBP1,7411,0.35110815979618976,0.5454545454545454,33
VEZF1 (7716),VEZF1,7716,0.2940659358523754,0.12121212121212122,33
VHL (7428),VHL,7428,0.4698357860701312,0.696969696969697,33
VPS33A (65082),VPS33A,65082,0.3457658146218507,0.7575757575757576,33
VPS37A (137492),VPS37A,137492,0.3060901292051633,0.3939393939393939,33
VPS4A (27183),VPS4A,27183,0.37702700313054854,0.24242424242424243,33
VPS4B (9525),VPS4B,9525,0.33200987232354134,0.09090909090909091,33
VRK1 (7443),VRK1,7443,0.3635101200239187,0.5454545454545454,33
WASHC2C (253725),WASHC2C,253725,0.29928105508749664,0.5454545454545454,33
WDR1 (9948),WDR1,9948,0.5640202387316603,0.6363636363636364,33
WDR48 (57599),WDR48,57599,0.36242914280876937,0.30303030303030304,33
WDR7 (23335),WDR7,23335,0.4908834541414828,0.696969696969697,33
WDR73 (84942),WDR73,84942,0.438398731234396,0.6060606060606061,33
WDR83 (84292),WDR83,84292,0.32481475541656046,0.48484848484848486,33
WNK1 (65125),WNK1,65125,0.4054447648951904,0.7878787878787878,33
WRN (7486),WRN,7486,0.8062221465847956,0.24242424242424243,33
WTAP (9589),WTAP,9589,0.35998294200380726,0.5757575757575758,33
WWTR1 (25937),WWTR1,25937,0.34643346794439844,0.3333333333333333,33
XRCC2 (7516),XRCC2,7516,0.3232953989045767,0.48484848484848486,33
XRCC3 (7517),XRCC3,7517,0.349609042414481,0.5454545454545454,33
XRN1 (54464),XRN1,54464,0.43216760059922094,0.5151515151515151,33
XYLT2 (64132),XYLT2,64132,0.33091431798068466,0.21212121212121213,33
YAP1 (10413),YAP1,10413,0.3371511898091311,0.36363636363636365,33
YME1L1 (10730),YME1L1,10730,0.34515771095782094,0.30303030303030304,33
YPEL5 (51646),YPEL5,51646,0.46241721584159007,0.7878787878787878,33
ZEB1 (6935),ZEB1,6935,0.29818290160957606,0.15151515151515152,33
ZFP36L1 (677),ZFP36L1,677,0.34094037354287793,0.30303030303030304,33
ZFX (7543),ZFX,7543,0.29180888818848766,0.12121212121212122,33
ZMYND8 (23613),ZMYND8,23613,0.2850032634170471,0.18181818181818182,33
ZNF217 (7764),ZNF217,7764,0.39413390320280073,0.36363636363636365,33
ZNF407 (55628),ZNF407,55628,0.28830840924659396,0.696969696969697,33
ZWINT (11130),ZWINT,11130,0.4360870053480927,0.6060606060606061,33
