job_key,evaluation_scope,fold,feature_set,model,weighting,fit_seconds,spearman,spearman_defined,pearson,pearson_defined,rmse,mae,r2,auroc_lt_neg0p5,auprc_lt_neg0p5,top5pct_enrichment_lt_neg0p5,auroc_lt_neg1p0,auprc_lt_neg1p0,top5pct_enrichment_lt_neg1p0,checkpoint_path,n_train,n_test
internal_cv_all|0|delta_all|pca50_ridge|unweighted,internal_cv_all,0,delta_all,pca50_ridge,unweighted,2.802478485999927,0.47038121799871147,True,0.4589027148920628,True,0.6091962408367168,0.4714422668750255,0.21002640235260173,0.7311973740545169,0.873759951134357,1.2755244755244755,0.7330842673308426,0.6455325658555751,1.8618181818181818,/home/richard/projects/VCC/results/replogle_k562_b_to_c_baseline/runs/pca_rf_unweighted_20260514/models/cv/internal_cv_all/fold_0/delta_all__pca50_ridge__unweighted.joblib,1533,384
internal_cv_all|0|delta_all|random_forest|unweighted,internal_cv_all,0,delta_all,random_forest,unweighted,127.28628400299976,0.4626714506120511,True,0.4835488858865744,True,0.6007364608620751,0.4624097943935234,0.231814455693094,0.7108962466105324,0.8645163660118941,1.2083916083916084,0.742742493427425,0.6640509206545266,1.7454545454545454,/home/richard/projects/VCC/results/replogle_k562_b_to_c_baseline/runs/pca_rf_unweighted_20260514/models/cv/internal_cv_all/fold_0/delta_all__random_forest__unweighted.joblib,1533,384
internal_cv_all|0|delta_all|pca20_random_forest|unweighted,internal_cv_all,0,delta_all,pca20_random_forest,unweighted,2.4473374539998076,0.4629501373300329,True,0.4741725598276918,True,0.6049184869092676,0.46427272418106574,0.22108178230626652,0.7261310118452975,0.8697447725782339,1.2755244755244755,0.7305382593053826,0.6474079951722351,1.629090909090909,/home/richard/projects/VCC/results/replogle_k562_b_to_c_baseline/runs/pca_rf_unweighted_20260514/models/cv/internal_cv_all/fold_0/delta_all__pca20_random_forest__unweighted.joblib,1533,384
internal_cv_all|0|delta_all|pca50_random_forest|unweighted,internal_cv_all,0,delta_all,pca50_random_forest,unweighted,3.317434580999816,0.4712516106608796,True,0.48635946689248943,True,0.599029071305749,0.4623127377966298,0.23617486390341336,0.7344084486941629,0.876306784850674,1.2755244755244755,0.7324477653244778,0.6489755616252522,1.7454545454545454,/home/richard/projects/VCC/results/replogle_k562_b_to_c_baseline/runs/pca_rf_unweighted_20260514/models/cv/internal_cv_all/fold_0/delta_all__pca50_random_forest__unweighted.joblib,1533,384
internal_cv_all|0|delta_all|pca100_random_forest|unweighted,internal_cv_all,0,delta_all,pca100_random_forest,unweighted,5.057580308999604,0.4711863365094435,True,0.48236827826764433,True,0.6005440972371796,0.46418722488050496,0.2323063429229536,0.7270586556300842,0.8718862896223114,1.2083916083916084,0.7341635533416355,0.6467132725615499,1.5127272727272727,/home/richard/projects/VCC/results/replogle_k562_b_to_c_baseline/runs/pca_rf_unweighted_20260514/models/cv/internal_cv_all/fold_0/delta_all__pca100_random_forest__unweighted.joblib,1533,384
internal_cv_all|0|delta_mask_target|pca50_ridge|unweighted,internal_cv_all,0,delta_mask_target,pca50_ridge,unweighted,2.646523683000396,0.47009596147977345,True,0.45846918522058,True,0.6093593139237052,0.4715112427979875,0.20960341656686354,0.7312687312687314,0.8737873038935029,1.2755244755244755,0.7330565933305659,0.6460231920997614,1.8618181818181818,/home/richard/projects/VCC/results/replogle_k562_b_to_c_baseline/runs/pca_rf_unweighted_20260514/models/cv/internal_cv_all/fold_0/delta_mask_target__pca50_ridge__unweighted.joblib,1533,384
internal_cv_all|0|delta_mask_target|random_forest|unweighted,internal_cv_all,0,delta_mask_target,random_forest,unweighted,126.76572896000016,0.4647799328608728,True,0.48444059794198524,True,0.6004385963268662,0.4615426188857786,0.23257604923043695,0.712430426716141,0.8649890365947384,1.2755244755244755,0.7441538674415387,0.6663324775034243,1.8618181818181818,/home/richard/projects/VCC/results/replogle_k562_b_to_c_baseline/runs/pca_rf_unweighted_20260514/models/cv/internal_cv_all/fold_0/delta_mask_target__random_forest__unweighted.joblib,1533,384
internal_cv_all|0|delta_mask_target|pca20_random_forest|unweighted,internal_cv_all,0,delta_mask_target,pca20_random_forest,unweighted,2.532727399999658,0.4672853582448883,True,0.4778107147341094,True,0.6033663192868323,0.4634044360802152,0.2250739252326488,0.7269159412016555,0.871617714538562,1.2755244755244755,0.7298740832987408,0.64684619781599,1.629090909090909,/home/richard/projects/VCC/results/replogle_k562_b_to_c_baseline/runs/pca_rf_unweighted_20260514/models/cv/internal_cv_all/fold_0/delta_mask_target__pca20_random_forest__unweighted.joblib,1533,384
internal_cv_all|0|delta_mask_target|pca50_random_forest|unweighted,internal_cv_all,0,delta_mask_target,pca50_random_forest,unweighted,3.428084171000137,0.47662803906276496,True,0.4907282545781113,True,0.5973036422196191,0.4605810165615665,0.240568734278244,0.7376195233338091,0.8773770116713908,1.2755244755244755,0.733997509339975,0.6518648282329994,1.629090909090909,/home/richard/projects/VCC/results/replogle_k562_b_to_c_baseline/runs/pca_rf_unweighted_20260514/models/cv/internal_cv_all/fold_0/delta_mask_target__pca50_random_forest__unweighted.joblib,1533,384
internal_cv_all|0|delta_mask_target|pca100_random_forest|unweighted,internal_cv_all,0,delta_mask_target,pca100_random_forest,unweighted,5.076232703000187,0.4657372164389136,True,0.4780539398007908,True,0.6021940697319792,0.4654794288941801,0.2280821286032485,0.7263450834879406,0.8730669493622345,1.2755244755244755,0.7325861353258614,0.6486556071312153,1.629090909090909,/home/richard/projects/VCC/results/replogle_k562_b_to_c_baseline/runs/pca_rf_unweighted_20260514/models/cv/internal_cv_all/fold_0/delta_mask_target__pca100_random_forest__unweighted.joblib,1533,384
internal_cv_all|1|delta_all|pca50_ridge|unweighted,internal_cv_all,1,delta_all,pca50_ridge,unweighted,2.740522655999939,0.5367016632192873,True,0.5216980028886341,True,0.5854822010812056,0.4555516027127548,0.2698751443427465,0.7852861424289995,0.9107561195036431,1.2755244755244755,0.7531479175314792,0.6841020971773244,1.978181818181818,/home/richard/projects/VCC/results/replogle_k562_b_to_c_baseline/runs/pca_rf_unweighted_20260514/models/cv/internal_cv_all/fold_1/delta_all__pca50_ridge__unweighted.joblib,1533,384
internal_cv_all|1|delta_all|random_forest|unweighted,internal_cv_all,1,delta_all,random_forest,unweighted,128.13193895699987,0.5182655301617443,True,0.5226189866943405,True,0.5859299055240157,0.4605958491398828,0.26875809887201896,0.7747252747252747,0.9117485084458841,1.3426573426573427,0.7437941054379411,0.68431365308914,1.978181818181818,/home/richard/projects/VCC/results/replogle_k562_b_to_c_baseline/runs/pca_rf_unweighted_20260514/models/cv/internal_cv_all/fold_1/delta_all__random_forest__unweighted.joblib,1533,384
internal_cv_all|1|delta_all|pca20_random_forest|unweighted,internal_cv_all,1,delta_all,pca20_random_forest,unweighted,2.349610623999979,0.5423917466345665,True,0.5159781179895414,True,0.5878122102843965,0.4544335128309462,0.26405231075951374,0.7985942628799771,0.9175267754517351,1.3426573426573427,0.7517918915179188,0.6919440273902545,1.978181818181818,/home/richard/projects/VCC/results/replogle_k562_b_to_c_baseline/runs/pca_rf_unweighted_20260514/models/cv/internal_cv_all/fold_1/delta_all__pca20_random_forest__unweighted.joblib,1533,384
internal_cv_all|1|delta_all|pca50_random_forest|unweighted,internal_cv_all,1,delta_all,pca50_random_forest,unweighted,3.354595614000118,0.5217345969956936,True,0.4919576986282131,True,0.5976865852545459,0.4560525974829212,0.23911897003661287,0.7817182817182817,0.9075009229032938,1.3426573426573427,0.7473087034730871,0.6890511430589712,2.0945454545454547,/home/richard/projects/VCC/results/replogle_k562_b_to_c_baseline/runs/pca_rf_unweighted_20260514/models/cv/internal_cv_all/fold_1/delta_all__pca50_random_forest__unweighted.joblib,1533,384
internal_cv_all|1|delta_all|pca100_random_forest|unweighted,internal_cv_all,1,delta_all,pca100_random_forest,unweighted,4.979513735000182,0.5314142450239057,True,0.4922767014071847,True,0.5975307165773482,0.45582354903967065,0.2395157735060106,0.7914585414585413,0.9159546339763903,1.3426573426573427,0.7530372215303723,0.6953310762682641,1.978181818181818,/home/richard/projects/VCC/results/replogle_k562_b_to_c_baseline/runs/pca_rf_unweighted_20260514/models/cv/internal_cv_all/fold_1/delta_all__pca100_random_forest__unweighted.joblib,1533,384
internal_cv_all|1|delta_mask_target|pca50_ridge|unweighted,internal_cv_all,1,delta_mask_target,pca50_ridge,unweighted,2.7833219300000565,0.5356990268217422,True,0.5213954201428033,True,0.5856113010060859,0.4556780696439091,0.2695531210395794,0.7848223205366063,0.9105448031805159,1.2755244755244755,0.752871177528712,0.6841421040716333,1.978181818181818,/home/richard/projects/VCC/results/replogle_k562_b_to_c_baseline/runs/pca_rf_unweighted_20260514/models/cv/internal_cv_all/fold_1/delta_mask_target__pca50_ridge__unweighted.joblib,1533,384
internal_cv_all|1|delta_mask_target|random_forest|unweighted,internal_cv_all,1,delta_mask_target,random_forest,unweighted,125.09746984399999,0.5105953935098844,True,0.5186106446937615,True,0.5875351932576254,0.46199386068053144,0.2647458043564932,0.7713358070500929,0.9093686833501791,1.3426573426573427,0.740390203403902,0.6844655294423543,1.978181818181818,/home/richard/projects/VCC/results/replogle_k562_b_to_c_baseline/runs/pca_rf_unweighted_20260514/models/cv/internal_cv_all/fold_1/delta_mask_target__random_forest__unweighted.joblib,1533,384
internal_cv_all|1|delta_mask_target|pca20_random_forest|unweighted,internal_cv_all,1,delta_mask_target,pca20_random_forest,unweighted,2.6727212040000268,0.5362977264250111,True,0.5103519589968861,True,0.5902472911999092,0.4570935850909057,0.2579421819894465,0.7948123305266163,0.9156439914716522,1.3426573426573427,0.7491628614916286,0.6923911581841629,2.0945454545454547,/home/richard/projects/VCC/results/replogle_k562_b_to_c_baseline/runs/pca_rf_unweighted_20260514/models/cv/internal_cv_all/fold_1/delta_mask_target__pca20_random_forest__unweighted.joblib,1533,384
internal_cv_all|1|delta_mask_target|pca50_random_forest|unweighted,internal_cv_all,1,delta_mask_target,pca50_random_forest,unweighted,3.7723236219999308,0.5267176850564579,True,0.49330795014917683,True,0.597096266330649,0.4575619679474443,0.24062123115160805,0.7849650349650349,0.9113394883004847,1.3426573426573427,0.7487477514874775,0.6925032878676257,1.978181818181818,/home/richard/projects/VCC/results/replogle_k562_b_to_c_baseline/runs/pca_rf_unweighted_20260514/models/cv/internal_cv_all/fold_1/delta_mask_target__pca50_random_forest__unweighted.joblib,1533,384
internal_cv_all|1|delta_mask_target|pca100_random_forest|unweighted,internal_cv_all,1,delta_mask_target,pca100_random_forest,unweighted,4.822255445999872,0.5263451137635211,True,0.48973470671065306,True,0.5983385585802917,0.45614151436225586,0.23745808383420441,0.7907449693163978,0.9156610473227995,1.3426573426573427,0.7506572575065726,0.6944052073730582,2.0945454545454547,/home/richard/projects/VCC/results/replogle_k562_b_to_c_baseline/runs/pca_rf_unweighted_20260514/models/cv/internal_cv_all/fold_1/delta_mask_target__pca100_random_forest__unweighted.joblib,1533,384
internal_cv_all|2|delta_all|pca50_ridge|unweighted,internal_cv_all,2,delta_all,pca50_ridge,unweighted,2.857580222999786,0.5388718678659796,True,0.5379103248745734,True,0.58709775366057,0.4448517001533088,0.2886146524970621,0.7497717856892072,0.8923401535244306,1.2902482269503546,0.7938650306748467,0.7399765761653316,1.9972392638036809,/home/richard/projects/VCC/results/replogle_k562_b_to_c_baseline/runs/pca_rf_unweighted_20260514/models/cv/internal_cv_all/fold_2/delta_all__pca50_ridge__unweighted.joblib,1534,383
internal_cv_all|2|delta_all|random_forest|unweighted,internal_cv_all,2,delta_all,random_forest,unweighted,125.17182893600011,0.5317636921930748,True,0.5435721162236307,True,0.5850004929844985,0.44485415149189894,0.2936880688972068,0.7524401376307843,0.8968758782311996,1.3581560283687943,0.7812604573340769,0.7408616016369819,2.232208588957055,/home/richard/projects/VCC/results/replogle_k562_b_to_c_baseline/runs/pca_rf_unweighted_20260514/models/cv/internal_cv_all/fold_2/delta_all__random_forest__unweighted.joblib,1534,383
internal_cv_all|2|delta_all|pca20_random_forest|unweighted,internal_cv_all,2,delta_all,pca20_random_forest,unweighted,2.4476304570002867,0.5338949274124097,True,0.5532642932321752,True,0.5803334674173456,0.4430909920508224,0.30491276679848256,0.7558809072396603,0.8916567186611752,1.2902482269503546,0.7835750139431121,0.73049142638245,2.114723926380368,/home/richard/projects/VCC/results/replogle_k562_b_to_c_baseline/runs/pca_rf_unweighted_20260514/models/cv/internal_cv_all/fold_2/delta_all__pca20_random_forest__unweighted.joblib,1534,383
internal_cv_all|2|delta_all|pca50_random_forest|unweighted,internal_cv_all,2,delta_all,pca50_random_forest,unweighted,3.170080678999966,0.5414129888726369,True,0.5648766856270416,True,0.5747636852445261,0.43119723723984704,0.3181910156137243,0.7520188189031669,0.886916837511343,1.2902482269503546,0.7867540435025098,0.7447268170799591,2.114723926380368,/home/richard/projects/VCC/results/replogle_k562_b_to_c_baseline/runs/pca_rf_unweighted_20260514/models/cv/internal_cv_all/fold_2/delta_all__pca50_random_forest__unweighted.joblib,1534,383
internal_cv_all|2|delta_all|pca100_random_forest|unweighted,internal_cv_all,2,delta_all,pca100_random_forest,unweighted,4.579417551000006,0.5388379065110113,True,0.557362384800641,True,0.5784740240832663,0.4323601186146697,0.30935988139112125,0.7495962362193667,0.8858470002746655,1.2902482269503546,0.7875627440044618,0.7455120929750021,2.114723926380368,/home/richard/projects/VCC/results/replogle_k562_b_to_c_baseline/runs/pca_rf_unweighted_20260514/models/cv/internal_cv_all/fold_2/delta_all__pca100_random_forest__unweighted.joblib,1534,383
internal_cv_all|2|delta_mask_target|pca50_ridge|unweighted,internal_cv_all,2,delta_mask_target,pca50_ridge,unweighted,2.524320899000031,0.5396299109400845,True,0.538325017936321,True,0.586939268241298,0.4445506086130444,0.28899867368217647,0.7499824450530159,0.892371412841761,1.2902482269503546,0.7942275515895147,0.739866969567573,1.9972392638036809,/home/richard/projects/VCC/results/replogle_k562_b_to_c_baseline/runs/pca_rf_unweighted_20260514/models/cv/internal_cv_all/fold_2/delta_mask_target__pca50_ridge__unweighted.joblib,1534,383
internal_cv_all|2|delta_mask_target|random_forest|unweighted,internal_cv_all,2,delta_mask_target,random_forest,unweighted,128.0480304409998,0.5257407847251651,True,0.5386250117124969,True,0.5872250734907565,0.4461234964822141,0.2883060725984111,0.7488238185520679,0.895505545211053,1.3581560283687943,0.7801728945900724,0.7417848671633261,2.232208588957055,/home/richard/projects/VCC/results/replogle_k562_b_to_c_baseline/runs/pca_rf_unweighted_20260514/models/cv/internal_cv_all/fold_2/delta_mask_target__random_forest__unweighted.joblib,1534,383
internal_cv_all|2|delta_mask_target|pca20_random_forest|unweighted,internal_cv_all,2,delta_mask_target,pca20_random_forest,unweighted,2.3070662410000295,0.5366513505939606,True,0.5567202262070365,True,0.5786787168132759,0.44049252351939594,0.3088710296289996,0.7571799733164807,0.8919117860969459,1.2223404255319148,0.7815393195761294,0.7302928442189831,1.9972392638036809,/home/richard/projects/VCC/results/replogle_k562_b_to_c_baseline/runs/pca_rf_unweighted_20260514/models/cv/internal_cv_all/fold_2/delta_mask_target__pca20_random_forest__unweighted.joblib,1534,383
internal_cv_all|2|delta_mask_target|pca50_random_forest|unweighted,internal_cv_all,2,delta_mask_target,pca50_random_forest,unweighted,3.563909706999766,0.5500361827266141,True,0.5670059475616638,True,0.5736358383703916,0.43161244077790284,0.32086418957565455,0.7587248086510778,0.891292824795251,1.2902482269503546,0.79079754601227,0.7485442821241395,2.114723926380368,/home/richard/projects/VCC/results/replogle_k562_b_to_c_baseline/runs/pca_rf_unweighted_20260514/models/cv/internal_cv_all/fold_2/delta_mask_target__pca50_random_forest__unweighted.joblib,1534,383
internal_cv_all|2|delta_mask_target|pca100_random_forest|unweighted,internal_cv_all,2,delta_mask_target,pca100_random_forest,unweighted,5.52281569600018,0.5350259046108841,True,0.5530895362755103,True,0.580412513150301,0.4338167305557527,0.30472340180483615,0.7494206867495259,0.8876081435449324,1.2902482269503546,0.7884551031790294,0.7471234680911182,2.114723926380368,/home/richard/projects/VCC/results/replogle_k562_b_to_c_baseline/runs/pca_rf_unweighted_20260514/models/cv/internal_cv_all/fold_2/delta_mask_target__pca100_random_forest__unweighted.joblib,1534,383
internal_cv_all|3|delta_all|pca50_ridge|unweighted,internal_cv_all,3,delta_all,pca50_ridge,unweighted,2.5963677279996773,0.44729154990225967,True,0.4201356155582332,True,0.6392730255331146,0.49131769930710406,0.1675690321108626,0.7695064791838985,0.8951965590760227,1.304121863799283,0.6962869198312236,0.6385862619265477,2.1816455696202532,/home/richard/projects/VCC/results/replogle_k562_b_to_c_baseline/runs/pca_rf_unweighted_20260514/models/cv/internal_cv_all/fold_3/delta_all__pca50_ridge__unweighted.joblib,1534,383
internal_cv_all|3|delta_all|random_forest|unweighted,internal_cv_all,3,delta_all,random_forest,unweighted,132.45511600999998,0.4396286720982052,True,0.41906858117823725,True,0.6384430667564395,0.48833116995683884,0.16972909480183596,0.7579266611524677,0.8958465274088568,1.3727598566308243,0.7020253164556962,0.6353053188640835,2.1816455696202532,/home/richard/projects/VCC/results/replogle_k562_b_to_c_baseline/runs/pca_rf_unweighted_20260514/models/cv/internal_cv_all/fold_3/delta_all__random_forest__unweighted.joblib,1534,383
internal_cv_all|3|delta_all|pca20_random_forest|unweighted,internal_cv_all,3,delta_all,pca20_random_forest,unweighted,2.494209194999712,0.4739426698153187,True,0.4434652871291506,True,0.6318718694396226,0.480405703433502,0.1867323229409822,0.772332506203474,0.8973807004118654,1.3727598566308243,0.7250070323488045,0.6484595285072219,2.0604430379746836,/home/richard/projects/VCC/results/replogle_k562_b_to_c_baseline/runs/pca_rf_unweighted_20260514/models/cv/internal_cv_all/fold_3/delta_all__pca20_random_forest__unweighted.joblib,1534,383
internal_cv_all|3|delta_all|pca50_random_forest|unweighted,internal_cv_all,3,delta_all,pca50_random_forest,unweighted,3.6180508580000605,0.4786882885869343,True,0.4531652348124063,True,0.6279319113078533,0.4785604114312242,0.1968427612465249,0.7776743865453543,0.8998675911702188,1.3727598566308243,0.7208157524613221,0.6534976717892431,2.302848101265823,/home/richard/projects/VCC/results/replogle_k562_b_to_c_baseline/runs/pca_rf_unweighted_20260514/models/cv/internal_cv_all/fold_3/delta_all__pca50_random_forest__unweighted.joblib,1534,383
internal_cv_all|3|delta_all|pca100_random_forest|unweighted,internal_cv_all,3,delta_all,pca100_random_forest,unweighted,4.593079024999952,0.4664019674517792,True,0.43723005230475265,True,0.6342324522131435,0.4786036594027197,0.18064446942557144,0.7737110559691205,0.895119121633963,1.304121863799283,0.7140928270042194,0.6422192466033245,2.1816455696202532,/home/richard/projects/VCC/results/replogle_k562_b_to_c_baseline/runs/pca_rf_unweighted_20260514/models/cv/internal_cv_all/fold_3/delta_all__pca100_random_forest__unweighted.joblib,1534,383
internal_cv_all|3|delta_mask_target|pca50_ridge|unweighted,internal_cv_all,3,delta_mask_target,pca50_ridge,unweighted,2.627943992999917,0.4465969440761145,True,0.42040642587532245,True,0.6391306057906673,0.49117305361867614,0.16793989524222686,0.7694375516956162,0.8953206606721752,1.304121863799283,0.6957243319268637,0.6383761290341242,2.1816455696202532,/home/richard/projects/VCC/results/replogle_k562_b_to_c_baseline/runs/pca_rf_unweighted_20260514/models/cv/internal_cv_all/fold_3/delta_mask_target__pca50_ridge__unweighted.joblib,1534,383
internal_cv_all|3|delta_mask_target|random_forest|unweighted,internal_cv_all,3,delta_mask_target,random_forest,unweighted,128.61019684999974,0.4419720055910216,True,0.4192767036321094,True,0.6383023204922758,0.48950632315874804,0.17009512476903932,0.7580300523848911,0.8955580857063251,1.3727598566308243,0.7038537271448665,0.6366158710250959,2.1816455696202532,/home/richard/projects/VCC/results/replogle_k562_b_to_c_baseline/runs/pca_rf_unweighted_20260514/models/cv/internal_cv_all/fold_3/delta_mask_target__random_forest__unweighted.joblib,1534,383
internal_cv_all|3|delta_mask_target|pca20_random_forest|unweighted,internal_cv_all,3,delta_mask_target,pca20_random_forest,unweighted,2.544872153999677,0.4669036984129154,True,0.43862863035160904,True,0.633732139478712,0.4826350942645224,0.18193665280981597,0.771712158808933,0.896636504188588,1.3727598566308243,0.719099859353024,0.641757470956853,1.939240506329114,/home/richard/projects/VCC/results/replogle_k562_b_to_c_baseline/runs/pca_rf_unweighted_20260514/models/cv/internal_cv_all/fold_3/delta_mask_target__pca20_random_forest__unweighted.joblib,1534,383
internal_cv_all|3|delta_mask_target|pca50_random_forest|unweighted,internal_cv_all,3,delta_mask_target,pca50_random_forest,unweighted,3.459837654000239,0.46599913024756334,True,0.442500194975699,True,0.6319406387366406,0.48207918042733905,0.18655529056281706,0.7676799007444168,0.8936490307409198,1.3727598566308243,0.7148241912798875,0.6482666231018132,2.302848101265823,/home/richard/projects/VCC/results/replogle_k562_b_to_c_baseline/runs/pca_rf_unweighted_20260514/models/cv/internal_cv_all/fold_3/delta_mask_target__pca50_random_forest__unweighted.joblib,1534,383
internal_cv_all|3|delta_mask_target|pca100_random_forest|unweighted,internal_cv_all,3,delta_mask_target,pca100_random_forest,unweighted,4.945607414000278,0.46262029581835334,True,0.43400566043738936,True,0.6351947236292663,0.48075742900409685,0.1781562948610731,0.7707471739729804,0.8908019454487508,1.304121863799283,0.711251758087201,0.6353512092096013,2.0604430379746836,/home/richard/projects/VCC/results/replogle_k562_b_to_c_baseline/runs/pca_rf_unweighted_20260514/models/cv/internal_cv_all/fold_3/delta_mask_target__pca100_random_forest__unweighted.joblib,1534,383
internal_cv_all|4|delta_all|pca50_ridge|unweighted,internal_cv_all,4,delta_all,pca50_ridge,unweighted,2.3984162739998283,0.43078483623364733,True,0.4288572121923853,True,0.6740662100728547,0.4961740974620758,0.18276349445363527,0.7248424175009269,0.8845737127804953,1.1886206896551725,0.7114965644377409,0.6402434721664784,1.8913580246913582,/home/richard/projects/VCC/results/replogle_k562_b_to_c_baseline/runs/pca_rf_unweighted_20260514/models/cv/internal_cv_all/fold_4/delta_all__pca50_ridge__unweighted.joblib,1534,383
internal_cv_all|4|delta_all|random_forest|unweighted,internal_cv_all,4,delta_all,random_forest,unweighted,123.99550070699979,0.4267981149098466,True,0.43518228763663286,True,0.6715961272298373,0.5024935976154083,0.18874196729042325,0.7198368557656656,0.879477448004013,1.254655172413793,0.6991788168258757,0.6278955681723495,1.8913580246913582,/home/richard/projects/VCC/results/replogle_k562_b_to_c_baseline/runs/pca_rf_unweighted_20260514/models/cv/internal_cv_all/fold_4/delta_all__random_forest__unweighted.joblib,1534,383
internal_cv_all|4|delta_all|pca20_random_forest|unweighted,internal_cv_all,4,delta_all,pca20_random_forest,unweighted,2.3684140159998606,0.4479391651743606,True,0.4609035979578564,True,0.6620289507995815,0.48870247762501584,0.21169077781797907,0.7334074898034854,0.8871324578185973,1.254655172413793,0.7190380425674543,0.6401562085851976,2.009567901234568,/home/richard/projects/VCC/results/replogle_k562_b_to_c_baseline/runs/pca_rf_unweighted_20260514/models/cv/internal_cv_all/fold_4/delta_all__pca20_random_forest__unweighted.joblib,1534,383
internal_cv_all|4|delta_all|pca50_random_forest|unweighted,internal_cv_all,4,delta_all,pca50_random_forest,unweighted,3.454315816000417,0.4579067160608588,True,0.47096756506637666,True,0.6581713340676157,0.48180033128904076,0.2208509058242869,0.7312569521690768,0.8848736041077544,1.254655172413793,0.7231160270375956,0.6535066387844304,2.1277777777777778,/home/richard/projects/VCC/results/replogle_k562_b_to_c_baseline/runs/pca_rf_unweighted_20260514/models/cv/internal_cv_all/fold_4/delta_all__pca50_random_forest__unweighted.joblib,1534,383
internal_cv_all|4|delta_all|pca100_random_forest|unweighted,internal_cv_all,4,delta_all,pca100_random_forest,unweighted,4.6686385719999635,0.4487963155988135,True,0.44708955915584303,True,0.6676139817144664,0.48601982233979035,0.19833395224006511,0.7243974786800148,0.8824716807213027,1.254655172413793,0.7231718898385564,0.655088278104498,1.8913580246913582,/home/richard/projects/VCC/results/replogle_k562_b_to_c_baseline/runs/pca_rf_unweighted_20260514/models/cv/internal_cv_all/fold_4/delta_all__pca100_random_forest__unweighted.joblib,1534,383
internal_cv_all|4|delta_mask_target|pca50_ridge|unweighted,internal_cv_all,4,delta_mask_target,pca50_ridge,unweighted,2.83630640399997,0.43017502699820925,True,0.42865313903974384,True,0.6741413526480065,0.4961178614912973,0.18258127888649067,0.7245087133852428,0.8843058326805034,1.1886206896551725,0.7109937992290933,0.6397171366892747,1.8913580246913582,/home/richard/projects/VCC/results/replogle_k562_b_to_c_baseline/runs/pca_rf_unweighted_20260514/models/cv/internal_cv_all/fold_4/delta_mask_target__pca50_ridge__unweighted.joblib,1534,383
internal_cv_all|4|delta_mask_target|random_forest|unweighted,internal_cv_all,4,delta_mask_target,random_forest,unweighted,125.24295195600007,0.42842377448635055,True,0.43612846838313163,True,0.6712757106566615,0.5021831495871557,0.1895158803605853,0.7210604375231738,0.879410449688877,1.254655172413793,0.6999608960393273,0.6266662831613322,2.009567901234568,/home/richard/projects/VCC/results/replogle_k562_b_to_c_baseline/runs/pca_rf_unweighted_20260514/models/cv/internal_cv_all/fold_4/delta_mask_target__random_forest__unweighted.joblib,1534,383
internal_cv_all|4|delta_mask_target|pca20_random_forest|unweighted,internal_cv_all,4,delta_mask_target,pca20_random_forest,unweighted,2.1585978450002585,0.443688442374202,True,0.4516441572947164,True,0.6656447032419028,0.491459205417795,0.20305636777171554,0.7298850574712644,0.8844883066670594,1.254655172413793,0.7176414725434334,0.6363198339304313,2.009567901234568,/home/richard/projects/VCC/results/replogle_k562_b_to_c_baseline/runs/pca_rf_unweighted_20260514/models/cv/internal_cv_all/fold_4/delta_mask_target__pca20_random_forest__unweighted.joblib,1534,383
internal_cv_all|4|delta_mask_target|pca50_random_forest|unweighted,internal_cv_all,4,delta_mask_target,pca50_random_forest,unweighted,3.624568566999642,0.4590607613495004,True,0.4649502380309519,True,0.6605407381637557,0.4834594929555359,0.21523096476640802,0.7344086021505376,0.8867336248679104,1.254655172413793,0.7218870454164572,0.6506549851125409,2.1277777777777778,/home/richard/projects/VCC/results/replogle_k562_b_to_c_baseline/runs/pca_rf_unweighted_20260514/models/cv/internal_cv_all/fold_4/delta_mask_target__pca50_random_forest__unweighted.joblib,1534,383
internal_cv_all|4|delta_mask_target|pca100_random_forest|unweighted,internal_cv_all,4,delta_mask_target,pca100_random_forest,unweighted,4.7757522130000325,0.46351503868604166,True,0.45902083654461445,True,0.6631175742590849,0.4822084117659557,0.20909609524545592,0.7335187245087135,0.8877282942063535,1.254655172413793,0.7270822859058153,0.6554604758634206,2.009567901234568,/home/richard/projects/VCC/results/replogle_k562_b_to_c_baseline/runs/pca_rf_unweighted_20260514/models/cv/internal_cv_all/fold_4/delta_mask_target__pca100_random_forest__unweighted.joblib,1534,383
internal_cv_target_index_valid|0|delta_all|pca50_ridge|unweighted,internal_cv_target_index_valid,0,delta_all,pca50_ridge,unweighted,2.7684983099998135,0.41766447993978406,True,0.4364116673358711,True,0.6587690050634997,0.5002756438184048,0.18914864880500115,0.7312675070028012,0.8825375525107487,1.1633986928104574,0.7115091463414633,0.6753242085378653,1.8089430894308944,/home/richard/projects/VCC/results/replogle_k562_b_to_c_baseline/runs/pca_rf_unweighted_20260514/models/cv/internal_cv_target_index_valid/fold_0/delta_all__pca50_ridge__unweighted.joblib,1422,356
internal_cv_target_index_valid|0|delta_all|random_forest|unweighted,internal_cv_target_index_valid,0,delta_all,random_forest,unweighted,115.40748546199984,0.4161197189747872,True,0.4358195868445106,True,0.6592404134182078,0.5107743258202628,0.18798775974462467,0.72093837535014,0.889322035944547,1.2361111111111112,0.7069677337398375,0.6905729444914583,1.9295392953929538,/home/richard/projects/VCC/results/replogle_k562_b_to_c_baseline/runs/pca_rf_unweighted_20260514/models/cv/internal_cv_target_index_valid/fold_0/delta_all__random_forest__unweighted.joblib,1422,356
internal_cv_target_index_valid|0|delta_all|pca20_random_forest|unweighted,internal_cv_target_index_valid,0,delta_all,pca20_random_forest,unweighted,2.544574386000022,0.41638542424407654,True,0.4308502916672272,True,0.6622623911238781,0.5068730530157431,0.18052612003664803,0.7141106442577031,0.8891084699584945,1.3088235294117647,0.7177019817073169,0.6929463585486975,1.8089430894308944,/home/richard/projects/VCC/results/replogle_k562_b_to_c_baseline/runs/pca_rf_unweighted_20260514/models/cv/internal_cv_target_index_valid/fold_0/delta_all__pca20_random_forest__unweighted.joblib,1422,356
internal_cv_target_index_valid|0|delta_all|pca50_random_forest|unweighted,internal_cv_target_index_valid,0,delta_all,pca50_random_forest,unweighted,3.3603355070004,0.4257367070898624,True,0.4372375543079062,True,0.6593892815247722,0.5004268524974818,0.18762098498088664,0.7227328431372548,0.8885037046581433,1.2361111111111112,0.7125571646341463,0.686357524530459,1.8089430894308944,/home/richard/projects/VCC/results/replogle_k562_b_to_c_baseline/runs/pca_rf_unweighted_20260514/models/cv/internal_cv_target_index_valid/fold_0/delta_all__pca50_random_forest__unweighted.joblib,1422,356
internal_cv_target_index_valid|0|delta_all|pca100_random_forest|unweighted,internal_cv_target_index_valid,0,delta_all,pca100_random_forest,unweighted,4.048520245000418,0.41000025267267853,True,0.4163636352013905,True,0.6670279030991166,0.5079545572453028,0.16869013714580383,0.7100402661064424,0.88063461892648,1.2361111111111112,0.7108104674796748,0.6706767002822634,1.6883468834688347,/home/richard/projects/VCC/results/replogle_k562_b_to_c_baseline/runs/pca_rf_unweighted_20260514/models/cv/internal_cv_target_index_valid/fold_0/delta_all__pca100_random_forest__unweighted.joblib,1422,356
internal_cv_target_index_valid|0|delta_mask_target|pca50_ridge|unweighted,internal_cv_target_index_valid,0,delta_mask_target,pca50_ridge,unweighted,2.847316641999896,0.417734164404803,True,0.4364660328314116,True,0.6587479791243549,0.5002869122774142,0.1892004078858306,0.7316176470588236,0.8825712511639914,1.1633986928104574,0.7114138719512195,0.6754193606001971,1.8089430894308944,/home/richard/projects/VCC/results/replogle_k562_b_to_c_baseline/runs/pca_rf_unweighted_20260514/models/cv/internal_cv_target_index_valid/fold_0/delta_mask_target__pca50_ridge__unweighted.joblib,1422,356
internal_cv_target_index_valid|0|delta_mask_target|random_forest|unweighted,internal_cv_target_index_valid,0,delta_mask_target,random_forest,unweighted,114.86247731900039,0.4105569304791073,True,0.428346829584761,True,0.661819001989891,0.5118323208269429,0.18162303928676582,0.7175245098039216,0.8874084684718128,1.2361111111111112,0.7051575203252033,0.6870371080488334,1.9295392953929538,/home/richard/projects/VCC/results/replogle_k562_b_to_c_baseline/runs/pca_rf_unweighted_20260514/models/cv/internal_cv_target_index_valid/fold_0/delta_mask_target__random_forest__unweighted.joblib,1422,356
internal_cv_target_index_valid|0|delta_mask_target|pca20_random_forest|unweighted,internal_cv_target_index_valid,0,delta_mask_target,pca20_random_forest,unweighted,2.2897261560001425,0.41318924784663036,True,0.4285888004252171,True,0.6632786208240857,0.5066537714692007,0.17800925468344497,0.713454131652661,0.8885295208744917,1.3088235294117647,0.717479674796748,0.693733668781732,1.8089430894308944,/home/richard/projects/VCC/results/replogle_k562_b_to_c_baseline/runs/pca_rf_unweighted_20260514/models/cv/internal_cv_target_index_valid/fold_0/delta_mask_target__pca20_random_forest__unweighted.joblib,1422,356
internal_cv_target_index_valid|0|delta_mask_target|pca50_random_forest|unweighted,internal_cv_target_index_valid,0,delta_mask_target,pca50_random_forest,unweighted,3.3350259519997962,0.42029014802629394,True,0.4359705174466689,True,0.6598825393825344,0.504255409195183,0.18640512594034886,0.7193627450980391,0.8893457121254603,1.2361111111111112,0.7098259654471546,0.6888031824359607,1.8089430894308944,/home/richard/projects/VCC/results/replogle_k562_b_to_c_baseline/runs/pca_rf_unweighted_20260514/models/cv/internal_cv_target_index_valid/fold_0/delta_mask_target__pca50_random_forest__unweighted.joblib,1422,356
internal_cv_target_index_valid|0|delta_mask_target|pca100_random_forest|unweighted,internal_cv_target_index_valid,0,delta_mask_target,pca100_random_forest,unweighted,4.19492481899988,0.4139424783998107,True,0.4195692989607112,True,0.665962132142019,0.5054443200058888,0.17134453314350884,0.710609243697479,0.877354581612047,1.2361111111111112,0.7099529979674796,0.6709831598304102,1.6883468834688347,/home/richard/projects/VCC/results/replogle_k562_b_to_c_baseline/runs/pca_rf_unweighted_20260514/models/cv/internal_cv_target_index_valid/fold_0/delta_mask_target__pca100_random_forest__unweighted.joblib,1422,356
internal_cv_target_index_valid|1|delta_all|pca50_ridge|unweighted,internal_cv_target_index_valid,1,delta_all,pca50_ridge,unweighted,2.6221925740001097,0.40127347029965654,True,0.3765809539829367,True,0.6401119682195527,0.4961870337518918,0.1295421377922651,0.748252067815199,0.9131473727233834,1.2851985559566788,0.6758941071655848,0.6171025732088438,1.7091906721536352,/home/richard/projects/VCC/results/replogle_k562_b_to_c_baseline/runs/pca_rf_unweighted_20260514/models/cv/internal_cv_target_index_valid/fold_1/delta_all__pca50_ridge__unweighted.joblib,1422,356
internal_cv_target_index_valid|1|delta_all|random_forest|unweighted,internal_cv_target_index_valid,1,delta_all,random_forest,unweighted,117.3804449080003,0.39320709451686986,True,0.3861422675317278,True,0.6354449889770374,0.5012764273594423,0.14218867373874722,0.7537357766302609,0.9161695185435663,1.2851985559566788,0.6758941071655848,0.6171084107748763,1.7091906721536352,/home/richard/projects/VCC/results/replogle_k562_b_to_c_baseline/runs/pca_rf_unweighted_20260514/models/cv/internal_cv_target_index_valid/fold_1/delta_all__random_forest__unweighted.joblib,1422,356
internal_cv_target_index_valid|1|delta_all|pca20_random_forest|unweighted,internal_cv_target_index_valid,1,delta_all,pca20_random_forest,unweighted,2.145348023000224,0.39338369942058166,True,0.39946652522629406,True,0.6315964968686365,0.4908156907636076,0.1525476608555154,0.7427226614266783,0.9042522706758095,1.2851985559566788,0.6697530864197531,0.6166071068469615,1.587105624142661,/home/richard/projects/VCC/results/replogle_k562_b_to_c_baseline/runs/pca_rf_unweighted_20260514/models/cv/internal_cv_target_index_valid/fold_1/delta_all__pca20_random_forest__unweighted.joblib,1422,356
internal_cv_target_index_valid|1|delta_all|pca50_random_forest|unweighted,internal_cv_target_index_valid,1,delta_all,pca50_random_forest,unweighted,2.9103678819997185,0.392666906927354,True,0.41516975505544373,True,0.6257446787914999,0.48578946733255757,0.16817841067745842,0.7376045331992872,0.9036952296220322,1.2851985559566788,0.6725531373297696,0.6306072973136448,1.7091906721536352,/home/richard/projects/VCC/results/replogle_k562_b_to_c_baseline/runs/pca_rf_unweighted_20260514/models/cv/internal_cv_target_index_valid/fold_1/delta_all__pca50_random_forest__unweighted.joblib,1422,356
internal_cv_target_index_valid|1|delta_all|pca100_random_forest|unweighted,internal_cv_target_index_valid,1,delta_all,pca100_random_forest,unweighted,4.458881565000411,0.40735171105948315,True,0.432008646051109,True,0.6195092328164936,0.4789556606917329,0.18467375149333431,0.7414888269432894,0.9083976399487202,1.2851985559566788,0.6875079546900852,0.6468518813479596,1.7091906721536352,/home/richard/projects/VCC/results/replogle_k562_b_to_c_baseline/runs/pca_rf_unweighted_20260514/models/cv/internal_cv_target_index_valid/fold_1/delta_all__pca100_random_forest__unweighted.joblib,1422,356
internal_cv_target_index_valid|1|delta_mask_target|pca50_ridge|unweighted,internal_cv_target_index_valid,1,delta_mask_target,pca50_ridge,unweighted,2.850814793000154,0.4002776739751131,True,0.3759880467176885,True,0.6402691554287104,0.4963717316357442,0.12911458246339025,0.7479321848009871,0.9130689086425703,1.2851985559566788,0.6757031946035382,0.6158521759287896,1.7091906721536352,/home/richard/projects/VCC/results/replogle_k562_b_to_c_baseline/runs/pca_rf_unweighted_20260514/models/cv/internal_cv_target_index_valid/fold_1/delta_mask_target__pca50_ridge__unweighted.joblib,1422,356
internal_cv_target_index_valid|1|delta_mask_target|random_forest|unweighted,internal_cv_target_index_valid,1,delta_mask_target,random_forest,unweighted,115.49357710599952,0.38908001877756954,True,0.3851906363985784,True,0.6358197854059194,0.5019735516382134,0.14117647144962608,0.7493945071516702,0.9151481692987555,1.2851985559566788,0.6732531500572738,0.6174800016318369,1.7091906721536352,/home/richard/projects/VCC/results/replogle_k562_b_to_c_baseline/runs/pca_rf_unweighted_20260514/models/cv/internal_cv_target_index_valid/fold_1/delta_mask_target__random_forest__unweighted.joblib,1422,356
internal_cv_target_index_valid|1|delta_mask_target|pca20_random_forest|unweighted,internal_cv_target_index_valid,1,delta_mask_target,pca20_random_forest,unweighted,2.272248496999964,0.400938346536589,True,0.4095873014962915,True,0.6281116110036249,0.49065845297662325,0.16187363788044773,0.7460128867157154,0.9054879975253693,1.2851985559566788,0.6751622756777396,0.6237641146321089,1.587105624142661,/home/richard/projects/VCC/results/replogle_k562_b_to_c_baseline/runs/pca_rf_unweighted_20260514/models/cv/internal_cv_target_index_valid/fold_1/delta_mask_target__pca20_random_forest__unweighted.joblib,1422,356
internal_cv_target_index_valid|1|delta_mask_target|pca50_random_forest|unweighted,internal_cv_target_index_valid,1,delta_mask_target,pca50_random_forest,unweighted,3.2365270489999602,0.39700064232054594,True,0.40981417199473746,True,0.6273583596897345,0.4874157195730453,0.16388264781782702,0.7415345245167482,0.9049389311940964,1.2851985559566788,0.6786623393152603,0.6302860881506462,1.7091906721536352,/home/richard/projects/VCC/results/replogle_k562_b_to_c_baseline/runs/pca_rf_unweighted_20260514/models/cv/internal_cv_target_index_valid/fold_1/delta_mask_target__pca50_random_forest__unweighted.joblib,1422,356
internal_cv_target_index_valid|1|delta_mask_target|pca100_random_forest|unweighted,internal_cv_target_index_valid,1,delta_mask_target,pca100_random_forest,unweighted,4.364443360000223,0.40785732238773026,True,0.4282784638913426,True,0.6209270239162646,0.47918151257609803,0.1809376165389045,0.7439107983366082,0.9103874432287425,1.2851985559566788,0.6870624920453099,0.6512761490702015,1.7091906721536352,/home/richard/projects/VCC/results/replogle_k562_b_to_c_baseline/runs/pca_rf_unweighted_20260514/models/cv/internal_cv_target_index_valid/fold_1/delta_mask_target__pca100_random_forest__unweighted.joblib,1422,356
internal_cv_target_index_valid|2|delta_all|pca50_ridge|unweighted,internal_cv_target_index_valid,2,delta_all,pca50_ridge,unweighted,2.728625847999865,0.5217581762883979,True,0.5417022353796384,True,0.6011902168680859,0.45927520594010235,0.281862118046749,0.7458333333333333,0.8976123582447181,1.218196457326892,0.75794144877566,0.7077527030749033,1.9902166317260657,/home/richard/projects/VCC/results/replogle_k562_b_to_c_baseline/runs/pca_rf_unweighted_20260514/models/cv/internal_cv_target_index_valid/fold_2/delta_all__pca50_ridge__unweighted.joblib,1422,356
internal_cv_target_index_valid|2|delta_all|random_forest|unweighted,internal_cv_target_index_valid,2,delta_all,random_forest,unweighted,115.60812970500047,0.47692367024353655,True,0.5061237657076161,True,0.6153341545688965,0.4669833931168258,0.24767400151181818,0.7033967391304348,0.8754577688966998,1.218196457326892,0.750598601666507,0.6957681528669762,1.9902166317260657,/home/richard/projects/VCC/results/replogle_k562_b_to_c_baseline/runs/pca_rf_unweighted_20260514/models/cv/internal_cv_target_index_valid/fold_2/delta_all__random_forest__unweighted.joblib,1422,356
internal_cv_target_index_valid|2|delta_all|pca20_random_forest|unweighted,internal_cv_target_index_valid,2,delta_all,pca20_random_forest,unweighted,2.155705393000062,0.5289415275526258,True,0.5564757590273238,True,0.5910587493838634,0.44689070155482136,0.3058627864400145,0.7327898550724639,0.8913491256323637,1.289855072463768,0.7768732241483894,0.7131052458099689,1.9902166317260657,/home/richard/projects/VCC/results/replogle_k562_b_to_c_baseline/runs/pca_rf_unweighted_20260514/models/cv/internal_cv_target_index_valid/fold_2/delta_all__pca20_random_forest__unweighted.joblib,1422,356
internal_cv_target_index_valid|2|delta_all|pca50_random_forest|unweighted,internal_cv_target_index_valid,2,delta_all,pca50_random_forest,unweighted,3.3060773530005463,0.5350437057241001,True,0.5535077360574514,True,0.5931621281153804,0.4490224499823524,0.3009135953940073,0.745697463768116,0.8955054776681589,1.289855072463768,0.7655396992625227,0.6975152423963473,1.9902166317260657,/home/richard/projects/VCC/results/replogle_k562_b_to_c_baseline/runs/pca_rf_unweighted_20260514/models/cv/internal_cv_target_index_valid/fold_2/delta_all__pca50_random_forest__unweighted.joblib,1422,356
internal_cv_target_index_valid|2|delta_all|pca100_random_forest|unweighted,internal_cv_target_index_valid,2,delta_all,pca100_random_forest,unweighted,4.502492152999366,0.5314113364921851,True,0.5484607170833279,True,0.5962786415833244,0.45236318201805026,0.29354820356799594,0.7453351449275363,0.8987797618666933,1.218196457326892,0.7654758484180954,0.7063433506068703,1.8658280922431867,/home/richard/projects/VCC/results/replogle_k562_b_to_c_baseline/runs/pca_rf_unweighted_20260514/models/cv/internal_cv_target_index_valid/fold_2/delta_all__pca100_random_forest__unweighted.joblib,1422,356
internal_cv_target_index_valid|2|delta_mask_target|pca50_ridge|unweighted,internal_cv_target_index_valid,2,delta_mask_target,pca50_ridge,unweighted,2.3644464839999273,0.5227944002415019,True,0.542094441698022,True,0.6010667436157171,0.45918190022642735,0.2821570719957004,0.7461050724637681,0.8976777901794246,1.218196457326892,0.7585480317977205,0.708127698591779,1.9902166317260657,/home/richard/projects/VCC/results/replogle_k562_b_to_c_baseline/runs/pca_rf_unweighted_20260514/models/cv/internal_cv_target_index_valid/fold_2/delta_mask_target__pca50_ridge__unweighted.joblib,1422,356
internal_cv_target_index_valid|2|delta_mask_target|random_forest|unweighted,internal_cv_target_index_valid,2,delta_mask_target,random_forest,unweighted,114.2017910960003,0.47400995530353307,True,0.49873608091985827,True,0.6180124416274833,0.46848286167643827,0.24111064055242748,0.7039855072463769,0.8736659463996223,1.218196457326892,0.7481403441560515,0.6893389976125315,1.9902166317260657,/home/richard/projects/VCC/results/replogle_k562_b_to_c_baseline/runs/pca_rf_unweighted_20260514/models/cv/internal_cv_target_index_valid/fold_2/delta_mask_target__random_forest__unweighted.joblib,1422,356
internal_cv_target_index_valid|2|delta_mask_target|pca20_random_forest|unweighted,internal_cv_target_index_valid,2,delta_mask_target,pca20_random_forest,unweighted,2.2122220460005337,0.5310472218638999,True,0.5551671999793875,True,0.5915477653195313,0.44765068431580235,0.30471371427117655,0.7363677536231884,0.8925778446655142,1.289855072463768,0.7767455224595347,0.7107651744583652,1.9902166317260657,/home/richard/projects/VCC/results/replogle_k562_b_to_c_baseline/runs/pca_rf_unweighted_20260514/models/cv/internal_cv_target_index_valid/fold_2/delta_mask_target__pca20_random_forest__unweighted.joblib,1422,356
internal_cv_target_index_valid|2|delta_mask_target|pca50_random_forest|unweighted,internal_cv_target_index_valid,2,delta_mask_target,pca50_random_forest,unweighted,3.110679890999563,0.5382103593138474,True,0.5563634297759222,True,0.5917223438559917,0.4479116653004253,0.30430326568008637,0.746784420289855,0.8966184007131939,1.289855072463768,0.7667528653066438,0.7023764078792852,1.9902166317260657,/home/richard/projects/VCC/results/replogle_k562_b_to_c_baseline/runs/pca_rf_unweighted_20260514/models/cv/internal_cv_target_index_valid/fold_2/delta_mask_target__pca50_random_forest__unweighted.joblib,1422,356
internal_cv_target_index_valid|2|delta_mask_target|pca100_random_forest|unweighted,internal_cv_target_index_valid,2,delta_mask_target,pca100_random_forest,unweighted,4.669139702000393,0.5308980119979626,True,0.5484332873246478,True,0.5954849507783455,0.4503621084474444,0.295427630689976,0.7448822463768117,0.9000989247014506,1.289855072463768,0.7683172109951155,0.7067652768798476,1.9902166317260657,/home/richard/projects/VCC/results/replogle_k562_b_to_c_baseline/runs/pca_rf_unweighted_20260514/models/cv/internal_cv_target_index_valid/fold_2/delta_mask_target__pca100_random_forest__unweighted.joblib,1422,356
internal_cv_target_index_valid|3|delta_all|pca50_ridge|unweighted,internal_cv_target_index_valid,3,delta_all,pca50_ridge,unweighted,2.6070824969992827,0.4438180789172284,True,0.4046126522666187,True,0.620896289941599,0.477571425142921,0.15570278307900842,0.7312435765673175,0.9016481868515742,1.20603517186251,0.7222648261758691,0.6818699075331474,1.6939331970006817,/home/richard/projects/VCC/results/replogle_k562_b_to_c_baseline/runs/pca_rf_unweighted_20260514/models/cv/internal_cv_target_index_valid/fold_3/delta_all__pca50_ridge__unweighted.joblib,1423,355
internal_cv_target_index_valid|3|delta_all|random_forest|unweighted,internal_cv_target_index_valid,3,delta_all,random_forest,unweighted,114.85911179600043,0.40833590382516016,True,0.3841778038083029,True,0.6259269808847429,0.4868499706199582,0.14196585055265742,0.7031673362608614,0.8950563325400834,1.276978417266187,0.706224437627812,0.6792068270105094,1.9359236537150646,/home/richard/projects/VCC/results/replogle_k562_b_to_c_baseline/runs/pca_rf_unweighted_20260514/models/cv/internal_cv_target_index_valid/fold_3/delta_all__random_forest__unweighted.joblib,1423,355
internal_cv_target_index_valid|3|delta_all|pca20_random_forest|unweighted,internal_cv_target_index_valid,3,delta_all,pca20_random_forest,unweighted,2.1484854450000057,0.4486348676710808,True,0.4291053118452198,True,0.61696416056527,0.4775317036774526,0.16636277104223351,0.7313837241894796,0.9028986330532394,1.276978417266187,0.7224245910020448,0.6832922643665926,1.8149284253578732,/home/richard/projects/VCC/results/replogle_k562_b_to_c_baseline/runs/pca_rf_unweighted_20260514/models/cv/internal_cv_target_index_valid/fold_3/delta_all__pca20_random_forest__unweighted.joblib,1423,355
internal_cv_target_index_valid|3|delta_all|pca50_random_forest|unweighted,internal_cv_target_index_valid,3,delta_all,pca50_random_forest,unweighted,2.878393130999939,0.4477950544631338,True,0.4231841021004654,True,0.6179793992810204,0.47432835094521314,0.16361694823000117,0.7260581145473232,0.9002374957919057,1.276978417266187,0.7213381901840491,0.6849981879710725,1.9359236537150646,/home/richard/projects/VCC/results/replogle_k562_b_to_c_baseline/runs/pca_rf_unweighted_20260514/models/cv/internal_cv_target_index_valid/fold_3/delta_all__pca50_random_forest__unweighted.joblib,1423,355
internal_cv_target_index_valid|3|delta_all|pca100_random_forest|unweighted,internal_cv_target_index_valid,3,delta_all,pca100_random_forest,unweighted,4.704838663999908,0.43642149986186407,True,0.4082426031101125,True,0.6225634253108122,0.47520651886689685,0.15116274167675803,0.7214799588900308,0.894645924418595,1.20603517186251,0.7208269427402862,0.68813371622885,1.8149284253578732,/home/richard/projects/VCC/results/replogle_k562_b_to_c_baseline/runs/pca_rf_unweighted_20260514/models/cv/internal_cv_target_index_valid/fold_3/delta_all__pca100_random_forest__unweighted.joblib,1423,355
internal_cv_target_index_valid|3|delta_mask_target|pca50_ridge|unweighted,internal_cv_target_index_valid,3,delta_mask_target,pca50_ridge,unweighted,2.442180231000748,0.4433755072809741,True,0.4040881732716316,True,0.6210869413409026,0.47765329573237875,0.15518420642944863,0.7310567130711015,0.901864986806229,1.20603517186251,0.7219133435582822,0.6820511136704026,1.6939331970006817,/home/richard/projects/VCC/results/replogle_k562_b_to_c_baseline/runs/pca_rf_unweighted_20260514/models/cv/internal_cv_target_index_valid/fold_3/delta_mask_target__pca50_ridge__unweighted.joblib,1423,355
internal_cv_target_index_valid|3|delta_mask_target|random_forest|unweighted,internal_cv_target_index_valid,3,delta_mask_target,random_forest,unweighted,115.68674625299991,0.4075365926275612,True,0.3843707470832991,True,0.6259352393012596,0.4867062351006594,0.1419432087738105,0.7025600298981594,0.8946031434162891,1.276978417266187,0.706096625766871,0.6769692412289822,1.9359236537150646,/home/richard/projects/VCC/results/replogle_k562_b_to_c_baseline/runs/pca_rf_unweighted_20260514/models/cv/internal_cv_target_index_valid/fold_3/delta_mask_target__random_forest__unweighted.joblib,1423,355
internal_cv_target_index_valid|3|delta_mask_target|pca20_random_forest|unweighted,internal_cv_target_index_valid,3,delta_mask_target,pca20_random_forest,unweighted,2.3778363030005494,0.44206361766102237,True,0.4240792796661437,True,0.6183346655114649,0.48001957756579733,0.16265502598978587,0.7268522844062412,0.9009781921350943,1.276978417266187,0.7191653885480572,0.6784497122695774,1.8149284253578732,/home/richard/projects/VCC/results/replogle_k562_b_to_c_baseline/runs/pca_rf_unweighted_20260514/models/cv/internal_cv_target_index_valid/fold_3/delta_mask_target__pca20_random_forest__unweighted.joblib,1423,355
internal_cv_target_index_valid|3|delta_mask_target|pca50_random_forest|unweighted,internal_cv_target_index_valid,3,delta_mask_target,pca50_random_forest,unweighted,3.2803810090008483,0.44479602812073366,True,0.42093860247353443,True,0.6191602065919892,0.475225323170946,0.16041764818460613,0.7197514715500327,0.8974887679782574,1.276978417266187,0.7197085889570553,0.6777190532767633,1.9359236537150646,/home/richard/projects/VCC/results/replogle_k562_b_to_c_baseline/runs/pca_rf_unweighted_20260514/models/cv/internal_cv_target_index_valid/fold_3/delta_mask_target__pca50_random_forest__unweighted.joblib,1423,355
internal_cv_target_index_valid|3|delta_mask_target|pca100_random_forest|unweighted,internal_cv_target_index_valid,3,delta_mask_target,pca100_random_forest,unweighted,4.7360184019999,0.4342950102059702,True,0.4096734859326792,True,0.6218165872342799,0.4758456044620002,0.15319808045298056,0.7187704381948986,0.8958625836253016,1.276978417266187,0.7185263292433538,0.6852820748719287,1.9359236537150646,/home/richard/projects/VCC/results/replogle_k562_b_to_c_baseline/runs/pca_rf_unweighted_20260514/models/cv/internal_cv_target_index_valid/fold_3/delta_mask_target__pca100_random_forest__unweighted.joblib,1423,355
internal_cv_target_index_valid|4|delta_all|pca50_ridge|unweighted,internal_cv_target_index_valid,4,delta_all,pca50_ridge,unweighted,2.8356369670000277,0.5106372763336829,True,0.4805613283544309,True,0.6234799335057267,0.47600720276085423,0.22870337618250114,0.7785454545454545,0.920794738956304,1.2191919191919192,0.7372552820314016,0.6861065392451916,2.0490620490620493,/home/richard/projects/VCC/results/replogle_k562_b_to_c_baseline/runs/pca_rf_unweighted_20260514/models/cv/internal_cv_target_index_valid/fold_4/delta_all__pca50_ridge__unweighted.joblib,1423,355
internal_cv_target_index_valid|4|delta_all|random_forest|unweighted,internal_cv_target_index_valid,4,delta_all,random_forest,unweighted,109.89407856499929,0.5309888659705327,True,0.5163783633867944,True,0.6095938796224262,0.46134982212499254,0.2626771968781343,0.7769545454545455,0.9181713699151225,1.290909090909091,0.7545389933449634,0.700904370493952,2.0490620490620493,/home/richard/projects/VCC/results/replogle_k562_b_to_c_baseline/runs/pca_rf_unweighted_20260514/models/cv/internal_cv_target_index_valid/fold_4/delta_all__random_forest__unweighted.joblib,1423,355
internal_cv_target_index_valid|4|delta_all|pca20_random_forest|unweighted,internal_cv_target_index_valid,4,delta_all,pca20_random_forest,unweighted,2.3129104999998162,0.5308284672805449,True,0.51864480909433,True,0.6073137407517794,0.4610922231645067,0.26818267927646555,0.7878181818181818,0.9246130360264208,1.290909090909091,0.7415842863604057,0.6901416041668444,2.0490620490620493,/home/richard/projects/VCC/results/replogle_k562_b_to_c_baseline/runs/pca_rf_unweighted_20260514/models/cv/internal_cv_target_index_valid/fold_4/delta_all__pca20_random_forest__unweighted.joblib,1423,355
internal_cv_target_index_valid|4|delta_all|pca50_random_forest|unweighted,internal_cv_target_index_valid,4,delta_all,pca50_random_forest,unweighted,3.4086953999994876,0.5348207316647936,True,0.5183549400885186,True,0.6074577329040793,0.46333520277103435,0.2678356150288428,0.7930454545454546,0.9200517148612779,1.2191919191919192,0.7465917167409706,0.6949427251228592,1.9209956709956713,/home/richard/projects/VCC/results/replogle_k562_b_to_c_baseline/runs/pca_rf_unweighted_20260514/models/cv/internal_cv_target_index_valid/fold_4/delta_all__pca50_random_forest__unweighted.joblib,1423,355
internal_cv_target_index_valid|4|delta_all|pca100_random_forest|unweighted,internal_cv_target_index_valid,4,delta_all,pca100_random_forest,unweighted,4.700644882000233,0.5306983780420095,True,0.5208106857235998,True,0.6074378370741117,0.45854918225667685,0.26788357484157943,0.7823181818181819,0.9168456420010456,1.2191919191919192,0.7507268850552432,0.6981613581910036,1.9209956709956713,/home/richard/projects/VCC/results/replogle_k562_b_to_c_baseline/runs/pca_rf_unweighted_20260514/models/cv/internal_cv_target_index_valid/fold_4/delta_all__pca100_random_forest__unweighted.joblib,1423,355
internal_cv_target_index_valid|4|delta_mask_target|pca50_ridge|unweighted,internal_cv_target_index_valid,4,delta_mask_target,pca50_ridge,unweighted,2.735469385000215,0.510502627266168,True,0.48071308840709914,True,0.6234113554248636,0.4759148054874279,0.22887304045050016,0.7788181818181816,0.9213278046233272,1.2191919191919192,0.7367060799896622,0.6863196019779333,2.0490620490620493,/home/richard/projects/VCC/results/replogle_k562_b_to_c_baseline/runs/pca_rf_unweighted_20260514/models/cv/internal_cv_target_index_valid/fold_4/delta_mask_target__pca50_ridge__unweighted.joblib,1423,355
internal_cv_target_index_valid|4|delta_mask_target|random_forest|unweighted,internal_cv_target_index_valid,4,delta_mask_target,random_forest,unweighted,110.39270437699997,0.5269974062619863,True,0.516616620717513,True,0.609422807433416,0.4620033206349039,0.2630909731028255,0.7742272727272728,0.9167791283688491,1.290909090909091,0.7500161530012276,0.6988745816041312,2.0490620490620493,/home/richard/projects/VCC/results/replogle_k562_b_to_c_baseline/runs/pca_rf_unweighted_20260514/models/cv/internal_cv_target_index_valid/fold_4/delta_mask_target__random_forest__unweighted.joblib,1423,355
internal_cv_target_index_valid|4|delta_mask_target|pca20_random_forest|unweighted,internal_cv_target_index_valid,4,delta_mask_target,pca20_random_forest,unweighted,2.399504701999831,0.5321062922957666,True,0.5155271363320417,True,0.6084855834500541,0.46066568983485745,0.26535579724431513,0.7928181818181818,0.9268594836732271,1.290909090909091,0.7424242424242424,0.6896393818995057,2.0490620490620493,/home/richard/projects/VCC/results/replogle_k562_b_to_c_baseline/runs/pca_rf_unweighted_20260514/models/cv/internal_cv_target_index_valid/fold_4/delta_mask_target__pca20_random_forest__unweighted.joblib,1423,355
internal_cv_target_index_valid|4|delta_mask_target|pca50_random_forest|unweighted,internal_cv_target_index_valid,4,delta_mask_target,pca50_random_forest,unweighted,3.2069113560000915,0.530869237516127,True,0.5172249588864831,True,0.6079739261223741,0.4610727281929608,0.26659075847959113,0.7861363636363636,0.9187287356631781,1.290909090909091,0.7475932028170834,0.6952229657605493,2.177128427128427,/home/richard/projects/VCC/results/replogle_k562_b_to_c_baseline/runs/pca_rf_unweighted_20260514/models/cv/internal_cv_target_index_valid/fold_4/delta_mask_target__pca50_random_forest__unweighted.joblib,1423,355
internal_cv_target_index_valid|4|delta_mask_target|pca100_random_forest|unweighted,internal_cv_target_index_valid,4,delta_mask_target,pca100_random_forest,unweighted,4.591763278000144,0.5347166602739654,True,0.5253903860401347,True,0.6051410007121684,0.45492300424697346,0.2734096464592495,0.7812727272727272,0.9178007570134192,1.290909090909091,0.7544420753375977,0.7095414750169897,2.0490620490620493,/home/richard/projects/VCC/results/replogle_k562_b_to_c_baseline/runs/pca_rf_unweighted_20260514/models/cv/internal_cv_target_index_valid/fold_4/delta_mask_target__pca100_random_forest__unweighted.joblib,1423,355
