arm,step,epoch,mean_delta_mse,energy_distance,response_loss
B-interface,0,0,162.27949724494854,738.3330846724615,900.6125823153849
B-interface,257,1,62.07002866037265,303.0135473105385,365.08357596381694
B-interface,514,2,28.081927638017266,176.01095544472105,204.0928830931306
B-interface,771,3,19.832241301684487,133.21990810560746,153.05214925268456
B-interface,1028,4,15.946728887918772,106.85540208441978,122.8021307870414
B-interface,1285,5,13.399377416356037,87.01464183264535,100.41401922663208
B-interface,1542,6,11.639515332144923,73.01045838520992,84.64997370894405
B-interface,1799,7,10.38846474766794,62.014094794066445,72.40255953594423
B-interface,2056,8,9.435430362239893,54.487499306907836,63.92292964630576
B-interface,2313,9,8.695471379600297,48.53367280519053,57.22914403136338
B-interface,2570,10,8.144122006638565,44.02651466360271,52.1706366362121
B-interface,2827,11,7.686446064308105,40.63556573675923,48.32201185615502
B-interface,3084,12,7.36867684844968,38.162243802429444,45.530920563060874
B-interface,3341,13,7.130147576822711,36.28759230988535,43.41773989471867
B-interface,3598,14,6.972063442150975,34.93662542871782,41.90868891999231
B-interface,3855,15,6.802201680636188,33.953488180121305,40.75568993505743
B-interface,4112,16,6.720343843816312,33.15532217676924,39.875666084484315
B-interface,4369,17,6.6321641260738025,32.58089152849748,39.21305575760856
B-interface,4626,18,6.564231864293771,32.048900287493765,38.61313205761992
B-interface,4883,19,6.509122149948369,31.63307992224506,38.14220212411854
B-interface,5140,20,6.412095793449928,31.246871894425766,37.65896770819449
B-interface,5397,21,6.398310499402586,30.920570448924835,37.31888103066697
B-interface,5654,22,6.352432402914276,30.67314176774681,37.025574222035694
B-interface,5911,23,6.331428655929489,30.42616769813814,36.757596376373876
B-interface,6168,24,6.287172776488814,30.218162896960518,36.50533556556703
B-interface,6425,25,6.243318812432992,30.019183224827554,36.26250204625261
B-interface,6682,26,6.229325541731633,29.8246816731577,36.05400715120366
B-interface,6939,27,6.2404365626678,29.664379381752667,35.9048159669174
B-interface,7196,28,6.196250674428086,29.48769975757091,35.68395041330791
B-interface,7453,29,6.204255708716974,29.343163801195058,35.547419588547065
B-interface,7710,30,6.140258407751013,29.168930733767155,35.309189145716424
B-interface,7967,31,6.181083568404684,29.043806888142143,35.22489045410874
B-interface,8224,32,6.101170249563882,28.873971050899296,34.97514135889826
B-interface,8481,33,6.091114327962328,28.749741323931826,34.84085573242742
B-interface,8738,34,6.115573944861644,28.654626527016276,34.770200505376756
B-interface,8995,35,6.058542382021378,28.516343228633502,34.57488560849674
B-interface,9252,36,6.053736939079227,28.404009965649834,34.45774690964851
B-interface,9509,37,6.050078246612961,28.28938323012534,34.339461488674594
B-interface,9766,38,6.044872974750159,28.18730256947244,34.23217547811941
B-interface,10023,39,6.037390484792727,28.104490018578073,34.14188055266457
B-interface,10280,40,5.986795503723659,27.964565398559746,33.95136086284101
B-interface,10537,41,6.014242085196106,27.904704462642258,33.91894651191918
B-interface,10794,42,6.014706884816618,27.80373729662791,33.81844423297795
B-interface,11051,43,5.980223258206482,27.70857730351557,33.68880047198693
B-interface,11308,44,5.96612195627672,27.621156513189476,33.58727849023849
B-interface,11565,45,5.975348113584531,27.565303757677004,33.540651915545375
B-interface,11822,46,5.93947562460382,27.47773310695133,33.41720870791534
B-interface,12079,47,5.928152276154723,27.38175208687183,33.309904348935746
B-interface,12336,48,5.921719626178102,27.31751979920396,33.23923941102691
B-interface,12593,49,5.910866890876176,27.248392536731682,33.15925941243439
B-interface,12850,50,5.8973787460339215,27.158352927698264,33.055731735073735
B-continue,0,0,5.8973787460339215,27.158352927698264,33.055731735073735
B-continue,257,1,5.9315019907744295,27.134863940223653,33.06636588739351
B-continue,514,2,5.880344579354173,27.036245588048292,32.916590128525705
B-continue,771,3,5.864490246422357,26.97863891358473,32.843129171967654
B-continue,1028,4,5.867661398060062,26.9158816887724,32.78354307774466
B-continue,1285,5,5.8689412857861925,26.857300881298404,32.72624210810381
B-continue,1542,6,5.84908722892639,26.802653823319996,32.65174104278487
B-continue,1799,7,5.859596241248845,26.74066647840979,32.60026274656349
B-continue,2056,8,5.854762182224192,26.694994538035328,32.54975665206391
B-continue,2313,9,5.834633214812236,26.629525729635873,32.46415897434509
B-continue,2570,10,5.821426014320898,26.54890825043826,32.37033433540815
B-continue,2827,11,5.814560104147348,26.50177735304708,32.316337481946846
B-continue,3084,12,5.812566580546825,26.450025426429406,32.262592000159074
B-continue,3341,13,5.7846682157539275,26.388543311609194,32.17321151847572
B-continue,3598,14,5.811233391168045,26.334360511183675,32.14559383027402
B-continue,3855,15,5.779107309489768,26.28607258228949,32.06517993513876
B-continue,4112,16,5.794759118695868,26.246905813572358,32.04166496372256
B-continue,4369,17,5.78086612201833,26.207390285244745,31.988256359723167
B-continue,4626,18,5.781030139538632,26.15228784497155,31.933318079603207
B-continue,4883,19,5.778950262598919,26.120728269267318,31.899678591212112
B-continue,5140,20,5.7462581673694375,26.06002497834398,31.80628315542307
B-continue,5397,21,5.757249758550709,26.02014132922641,31.777391069737153
B-continue,5654,22,5.751243415557762,25.99116616256651,31.74240952554643
B-continue,5911,23,5.739398745749946,25.943410235163558,31.682808882851944
B-continue,6168,24,5.736710402419425,25.909466365880053,31.64617679299928
B-continue,6425,25,5.7115907933627135,25.858087449922127,31.569678209222264
B-continue,6682,26,5.705102589287985,25.81735222034445,31.522454808059113
B-continue,6939,27,5.737748261288808,25.820469844182906,31.558218100624657
B-continue,7196,28,5.723681108327053,25.77566993396707,31.499351043687728
B-continue,7453,29,5.7484796555027,25.782748150559016,31.53122780198214
B-continue,7710,30,5.69093979053932,25.682983770344908,31.373923545760885
B-continue,7967,31,5.722422720615505,25.67261571449653,31.395038403080097
B-continue,8224,32,5.687672091645709,25.619589381509645,31.307261412478862
B-continue,8481,33,5.6813974411711134,25.595782870159095,31.277180296693672
B-continue,8738,34,5.691340548439954,25.585073537464158,31.276414013527447
B-continue,8995,35,5.680380875727312,25.559728436488886,31.240109320522027
B-continue,9252,36,5.67695900576983,25.525394445765837,31.202353406967152
B-continue,9509,37,5.679522255102225,25.49099522163455,31.170517557037684
B-continue,9766,38,5.684875507596484,25.484544846019276,31.169420232710085
B-continue,10023,39,5.6798005326984695,25.457569860612775,31.137370384014634
B-continue,10280,40,5.654890028017326,25.40351924791133,31.058409272053694
B-continue,10537,41,5.674008511723632,25.397859103352015,31.07186758037417
B-continue,10794,42,5.681686952921406,25.370572151041284,31.05225909464643
B-continue,11051,43,5.645316231802743,25.31187596602049,30.957192220271775
B-continue,11308,44,5.62323715421239,25.264601198748768,30.887838389139148
B-continue,11565,45,5.6578386209393186,25.301982039092177,30.959820641310458
B-continue,11822,46,5.640829323126344,25.25386750452952,30.89469680445397
B-continue,12079,47,5.6214982053791,25.196912323968316,30.818410556784258
B-continue,12336,48,5.620154303614065,25.176179244173397,30.79633358833374
B-continue,12593,49,5.623460348293204,25.157903374081105,30.78136380916813
B-continue,12850,50,5.6074987866250146,25.12381202714568,30.731310844973255
B-unfreeze,0,0,5.8973787460339215,27.158352927698264,33.055731735073735
B-unfreeze,257,1,5.786152463629111,26.580513856142137,32.3666663758102
B-unfreeze,514,2,5.630535990433493,25.96658953381193,31.597125454616677
B-unfreeze,771,3,5.548256819391647,25.566501283765703,31.114758089086425
B-unfreeze,1028,4,5.536717704807322,25.285163221711272,30.82188095315939
B-unfreeze,1285,5,5.482314664040242,24.939266840704857,30.421581462510215
B-unfreeze,1542,6,5.428016398380226,24.702637780591356,30.13065422235498
B-unfreeze,1799,7,5.412592080032962,24.488900870626747,29.901492890595645
B-unfreeze,2056,8,5.404700175551287,24.345084543467014,29.749784746919943
B-unfreeze,2313,9,5.3604108076636505,24.160111183232363,29.5205220667584
B-unfreeze,2570,10,5.342430042091894,24.025026474924104,29.367456546432404
B-unfreeze,2827,11,5.30674914059957,23.886611519693194,29.19336065632264
B-unfreeze,3084,12,5.335314430412507,23.817770855628392,29.153085318431852
B-unfreeze,3341,13,5.297814231604348,23.68554751774086,28.983361776951796
B-unfreeze,3598,14,5.298130707540165,23.553575746156813,28.851706492767665
B-unfreeze,3855,15,5.2440159422061,23.376224642241365,28.620240461245686
B-unfreeze,4112,16,5.233695715951343,23.25399097279511,28.487686693758587
B-unfreeze,4369,17,5.263769934113487,23.272234030417618,28.536003962346644
B-unfreeze,4626,18,5.205654495566229,23.116576525821525,28.322231065127344
B-unfreeze,4883,19,5.223663974131944,23.084084503840387,28.307748493985855
B-unfreeze,5140,20,5.17734786745604,22.916944654189706,28.094292616728495
B-unfreeze,5397,21,5.190124868251014,22.87269678289634,28.06282170536552
B-unfreeze,5654,22,5.189276188728119,22.845706405844453,28.034982636169246
B-unfreeze,5911,23,5.161972914768794,22.749124827427337,27.91109765526006
B-unfreeze,6168,24,5.1509715867568415,22.692687566957897,27.843659215664214
B-unfreeze,6425,25,5.116705457141597,22.58981694617631,27.706522404480182
B-unfreeze,6682,26,5.149260418742103,22.60415238060659,27.753412770000825
B-unfreeze,6939,27,5.133296442228694,22.516572741048652,27.649869168842276
B-unfreeze,7196,28,5.105282248139324,22.442011308468313,27.547293538436936
B-unfreeze,7453,29,5.079337401398923,22.377581772174494,27.456919150930062
B-unfreeze,7710,30,5.032727401041011,22.305484334525506,27.33821175352684
B-unfreeze,7967,31,5.087383201028843,22.278830315095362,27.36621357452673
B-unfreeze,8224,32,5.037513324394465,22.181143661119634,27.2186569874369
B-unfreeze,8481,33,5.016753127080816,22.075806312967643,27.092559466222607
B-unfreeze,8738,34,5.104231308596451,22.170464311263284,27.274695612829913
B-unfreeze,8995,35,5.050862602132918,22.09408328651864,27.144945848339237
B-unfreeze,9252,36,5.0886285557221855,22.14723334466635,27.23586196707978
B-unfreeze,9509,37,5.01641478857145,21.96095968544576,26.977374475387382
B-unfreeze,9766,38,5.040358915977996,21.995133888381293,27.03549281918585
B-unfreeze,10023,39,4.950073727446699,21.896095413847817,26.846169085802938
B-unfreeze,10280,40,5.005426388564673,21.86388816177772,26.86931453927511
B-unfreeze,10537,41,5.029897028204097,21.883416177735075,26.913313158199895
B-unfreeze,10794,42,5.0425468191299165,21.91788474682342,26.960431585707372
B-unfreeze,11051,43,4.947221034484114,21.76020385014208,26.707424905881165
B-unfreeze,11308,44,4.955586156344903,21.715923567320612,26.67150970161538
B-unfreeze,11565,45,5.006613413434815,21.761684097002618,26.768297548412608
B-unfreeze,11822,46,4.932043953701373,21.706197022680744,26.638240943889745
B-unfreeze,12079,47,4.896327174138109,21.639056893731702,26.535384043536823
B-unfreeze,12336,48,4.964642874180581,21.65665820028816,26.62130099292229
B-unfreeze,12593,49,4.941165262908751,21.623168159351284,26.56433346571799
B-unfreeze,12850,50,4.956918352551397,21.605191345081902,26.56210975712087
