state,export,role,panel,method,mean_delta_mse,energy_distance,response_loss,without_own_response_loss,identity_advantage,output_change_mse
B-continue,external,external,all,global_mean,4.233731171800326,27.863338048386886,32.097069200468404,32.048893969150264,,
B-continue,external,external,all,model,25.378000311356008,148.17372599639057,173.5517262517779,173.55252715525228,0.3166905343357033,0.012016280279224599
B-continue,external,external,all,no_change,4.533118653454774,29.775339013445915,34.3084577028622,34.2586917691638,,
B-continue,external,external,all,perturbation_mean,4.733406054768892,34.42920393527835,39.16260989728077,39.1468713563854,,
B-continue,external,external,native_all,global_mean,4.159581395172996,28.501102574729636,32.6606839751058,32.610438317312656,,
B-continue,external,external,native_all,model,24.607306187517196,145.6902100946133,170.29751626788948,170.29949563815856,0.338114543931884,0.01232626505179203
B-continue,external,external,native_all,no_change,4.491814679852346,30.64079322644049,35.13260792724643,35.08057035635573,,
B-continue,external,external,native_all,perturbation_mean,4.589835145195959,34.303251253167986,38.8930863203817,38.881726586212544,,
B-continue,external,external,native_common,global_mean,4.161620705654976,28.513336151214325,32.674956861307706,32.62463606045705,,
B-continue,external,external,native_common,model,24.60591582548345,145.65974869732844,170.26566451235283,170.2676468427968,0.34037458946555127,0.012290306581739185
B-continue,external,external,native_common,no_change,4.493920292887291,30.652925744251622,35.1468460582427,35.094730664464315,,
B-continue,external,external,native_common,perturbation_mean,4.589835145195959,34.303251253167986,38.8930863203817,38.881726586212544,,
B-continue,external,external,seen,global_mean,4.237102380076567,27.882839397393447,32.11994175703979,32.071685320106276,,
B-continue,external,external,seen,model,25.37474506935187,148.14340700904276,173.51815202715423,173.51895428065555,0.3039553686078469,0.01199911391499776
B-continue,external,external,seen,no_change,4.5365856779378975,29.79516566196575,34.33175137602625,34.28190155537682,,
B-continue,external,external,seen,perturbation_mean,4.733406054768892,34.42920393527835,39.16260989728077,39.1468713563854,,
B-continue,external,external,unseen,global_mean,2.2337618619203568,16.29416275024414,18.52792501449585,18.52792501449585,,
B-continue,external,external,unseen,model,27.30917263031006,166.16046524047852,193.46963500976562,193.46963500976562,0.0032192230224623586,0.00722878648666665
B-continue,external,external,unseen,no_change,2.4763063788414,18.013179779052734,20.48948609828949,20.48948609828949,,
B-continue,external,val,all,global_mean,4.747498432803437,20.27004016061204,25.01753860605073,24.991051109417253,,
B-continue,external,val,all,model,5.607498238867251,25.123808517457068,30.73130678602534,30.705410095562872,0.4231426564292611,0.04258819607291983
B-continue,external,val,all,no_change,4.877595749017426,20.475006116899213,25.35260181546128,25.32582519822338,,
B-continue,external,val,all,perturbation_mean,7.1876357183533015,30.89102885872234,38.07866449624997,38.07290553769,,
B-continue,external,val,native_all,global_mean,6.070032047230181,26.391119169161993,32.46115126473699,32.43002077389663,,
B-continue,external,val,native_all,model,6.773200200061367,30.756514092230763,37.52971430963467,37.49861653655308,0.6383593711320384,0.04908892555896954
B-continue,external,val,native_all,no_change,6.347072728181362,27.364456687918732,33.711529335853925,33.67961249508778,,
B-continue,external,val,native_all,perturbation_mean,10.039035693736954,43.428144303130715,53.46717993521998,53.45799495699041,,
B-continue,external,val,native_common,global_mean,6.0193024938351,26.27548722213913,32.29478976920751,32.26318116101522,,
B-continue,external,val,native_common,model,6.716832422558532,30.63272826801021,37.349560715564486,37.317986602722236,0.6922485997067978,0.05011384393251366
B-continue,external,val,native_common,no_change,6.293661360476037,27.237443619138734,33.53110489231618,33.498697874366776,,
B-continue,external,val,native_common,perturbation_mean,10.039035693736954,43.428144303130715,53.46717993521998,53.45799495699041,,
B-continue,external,val,seen,global_mean,4.7603540020359025,20.510574426231344,25.270928454076326,25.24242623679613,,
B-continue,external,val,seen,model,5.593078255327144,25.295288445751055,30.88836673704785,30.860687906053045,0.43890903556198113,0.04392066753611392
B-continue,external,val,seen,no_change,4.899823893799088,20.769979508824175,25.66980334117132,25.64101523527945,,
B-continue,external,val,seen,perturbation_mean,7.1876357183533015,30.89102885872234,38.07866449624997,38.07290553769,,
B-continue,external,val,unseen,global_mean,7.532479180755867,28.36997667003747,35.90245557137101,35.90214720794425,,
B-continue,external,val,unseen,model,8.425584534709477,32.01616945011884,40.441753608724326,40.441490109681524,0.30676336188468745,0.03813766242224197
B-continue,external,val,unseen,no_change,7.726731053203646,28.79131102750973,36.51804270897088,36.5176776576491,,
B-continue,internal,train,all,global_mean,4.7821756688303445,21.462898862793285,26.245074522533013,26.213282609438906,,
B-continue,internal,train,all,model,5.414394746687107,25.834205296552643,31.248599999454726,31.216980662215295,,
B-continue,internal,train,all,no_change,4.916012202918124,21.727943184290165,26.64395539941334,26.61177254528374,,
B-continue,internal,train,all,perturbation_mean,1.8745978493928293,13.445245789727304,15.319843633887993,15.314952210721614,,
B-continue,internal,train,native_all,global_mean,6.598906102649646,29.44225125287439,36.04115734107547,35.98169327677518,,
B-continue,internal,train,native_all,model,7.147245761019708,33.52998591148556,40.67723161451323,40.62126446905643,,
B-continue,internal,train,native_all,no_change,6.891598627706891,30.529043171614877,37.4206418392367,37.35971229147134,,
B-continue,internal,train,native_all,perturbation_mean,3.193752260856875,21.014993349999695,24.208745603123322,24.197986135465925,,
B-continue,internal,train,native_common,global_mean,6.598906102649646,29.44225125287439,36.04115734107547,35.98169327677518,,
B-continue,internal,train,native_common,model,7.147245761019708,33.52998591148556,40.67723161451323,40.62126446905643,,
B-continue,internal,train,native_common,no_change,6.891598627706891,30.529043171614877,37.4206418392367,37.35971229147134,,
B-continue,internal,train,native_common,perturbation_mean,3.193752260856875,21.014993349999695,24.208745603123322,24.197986135465925,,
B-continue,internal,train,seen,global_mean,4.7821756688303445,21.462898862793285,26.245074522533013,26.213282609438906,,
B-continue,internal,train,seen,model,5.414394746687107,25.834205296552643,31.248599999454726,31.216980662215295,,
B-continue,internal,train,seen,no_change,4.916012202918124,21.727943184290165,26.64395539941334,26.61177254528374,,
B-continue,internal,train,seen,perturbation_mean,1.8745978493928293,13.445245789727304,15.319843633887993,15.314952210721614,,
B-continue,internal,val,all,global_mean,4.747498432803437,20.27004016061204,25.01753860605073,24.991051109417253,,
B-continue,internal,val,all,model,5.607498802946111,25.123811871159518,30.731310705351714,30.705414014889246,0.4231387371028856,0.04258822110250198
B-continue,internal,val,all,no_change,4.877595749017426,20.475006116899213,25.35260181546128,25.32582519822338,,
B-continue,internal,val,all,perturbation_mean,7.1876357183533015,30.89102885872234,38.07866449624997,38.07290553769,,
B-continue,internal,val,native_all,global_mean,6.070032047230181,26.391119169161993,32.46115126473699,32.43002077389663,,
B-continue,internal,val,native_all,model,6.773200200061367,30.756514092230763,37.52971430963467,37.49861653655308,0.6383593711320384,0.04908892555896954
B-continue,internal,val,native_all,no_change,6.347072728181362,27.364456687918732,33.711529335853925,33.67961249508778,,
B-continue,internal,val,native_all,perturbation_mean,10.039035693736954,43.428144303130715,53.46717993521998,53.45799495699041,,
B-continue,internal,val,native_common,global_mean,6.0193024938351,26.27548722213913,32.29478976920751,32.26318116101522,,
B-continue,internal,val,native_common,model,6.716832422558532,30.63272826801021,37.349560715564486,37.317986602722236,0.6922485997067978,0.05011384393251366
B-continue,internal,val,native_common,no_change,6.293661360476037,27.237443619138734,33.53110489231618,33.498697874366776,,
B-continue,internal,val,native_common,perturbation_mean,10.039035693736954,43.428144303130715,53.46717993521998,53.45799495699041,,
B-continue,internal,val,seen,global_mean,4.7603540020359025,20.510574426231344,25.270928454076326,25.24242623679613,,
B-continue,internal,val,seen,model,5.59307926133949,25.295293849905516,30.888373150066112,30.86069431907131,0.4389026225437192,0.04392069872013616
B-continue,internal,val,seen,no_change,4.899823893799088,20.769979508824175,25.66980334117132,25.64101523527945,,
B-continue,internal,val,seen,perturbation_mean,7.1876357183533015,30.89102885872234,38.07866449624997,38.07290553769,,
B-continue,internal,val,unseen,global_mean,7.532479180755867,28.36997667003747,35.90245557137101,35.90214720794425,,
B-continue,internal,val,unseen,model,8.425584701875103,32.01617096225109,40.441755288393956,40.441491789351154,0.3067616822150581,0.03813774140725452
B-continue,internal,val,unseen,no_change,7.726731053203646,28.79131102750973,36.51804270897088,36.5176776576491,,
B-init,external,external,all,global_mean,4.233731171800326,27.863338048386886,32.097069200468404,32.048893969150264,,
B-init,external,external,all,model,57.41222295211452,422.35612266967416,479.7683459880927,479.7727295422584,-0.0029736741530987736,0.03265746417855629
B-init,external,external,all,no_change,4.533118653454774,29.775339013445915,34.3084577028622,34.2586917691638,,
B-init,external,external,all,perturbation_mean,4.733406054768892,34.42920393527835,39.16260989728077,39.1468713563854,,
B-init,external,external,native_all,global_mean,4.159581395172996,28.501102574729636,32.6606839751058,32.610438317312656,,
B-init,external,external,native_all,model,56.068084429128064,417.44227708709246,473.51036181148453,473.51610658986465,-0.0010612856160945262,0.03208762453886079
B-init,external,external,native_all,no_change,4.491814679852346,30.64079322644049,35.13260792724643,35.08057035635573,,
B-init,external,external,native_all,perturbation_mean,4.589835145195959,34.303251253167986,38.8930863203817,38.881726586212544,,
B-init,external,external,native_common,global_mean,4.161620705654976,28.513336151214325,32.674956861307706,32.62463606045705,,
B-init,external,external,native_common,model,56.06467466363878,417.3850599842319,473.44973492455983,473.4554882943333,-0.0009804738007651703,0.03244601113745
B-init,external,external,native_common,no_change,4.493920292887291,30.652925744251622,35.1468460582427,35.094730664464315,,
B-init,external,external,native_common,perturbation_mean,4.589835145195959,34.303251253167986,38.8930863203817,38.881726586212544,,
B-init,external,external,seen,global_mean,4.237102380076567,27.882839397393447,32.11994175703979,32.071685320106276,,
B-init,external,external,seen,model,57.404458959847126,422.29327103863574,479.697730352544,479.70212129576015,-0.0049076136586235775,0.03270483600445916
B-init,external,external,seen,no_change,4.5365856779378975,29.79516566196575,34.33175137602625,34.28190155537682,,
B-init,external,external,seen,perturbation_mean,4.733406054768892,34.42920393527835,39.16260989728077,39.1468713563854,,
B-init,external,external,unseen,global_mean,2.2337618619203568,16.29416275024414,18.52792501449585,18.52792501449585,,
B-init,external,external,unseen,model,62.018211364746094,459.6428527832031,521.6610717773438,521.6610717773438,0.014176177978512783,0.03498070689383895
B-init,external,external,unseen,no_change,2.4763063788414,18.013179779052734,20.48948609828949,20.48948609828949,,
B-init,external,val,all,global_mean,4.747498432803437,20.27004016061204,25.01753860605073,24.991051109417253,,
B-init,external,val,all,model,162.27949733269077,738.3330848952988,900.6125826384991,900.625364882529,-0.004951577867976447,0.02689255362065285
B-init,external,val,all,no_change,4.877595749017426,20.475006116899213,25.35260181546128,25.32582519822338,,
B-init,external,val,all,perturbation_mean,7.1876357183533015,30.89102885872234,38.07866449624997,38.07290553769,,
B-init,external,val,native_all,global_mean,6.070032047230181,26.391119169161993,32.46115126473699,32.43002077389663,,
B-init,external,val,native_all,model,158.9205844044619,720.2474077803141,879.1679927359719,879.1839831457173,-0.012735793559984478,0.030233115881137015
B-init,external,val,native_all,no_change,6.347072728181362,27.364456687918732,33.711529335853925,33.67961249508778,,
B-init,external,val,native_all,perturbation_mean,10.039035693736954,43.428144303130715,53.46717993521998,53.45799495699041,,
B-init,external,val,native_common,global_mean,6.0193024938351,26.27548722213913,32.29478976920751,32.26318116101522,,
B-init,external,val,native_common,model,158.73407007019117,720.038354092249,878.7724245211708,878.7886625199195,-0.012182257607356464,0.02963848398893884
B-init,external,val,native_common,no_change,6.293661360476037,27.237443619138734,33.53110489231618,33.498697874366776,,
B-init,external,val,native_common,perturbation_mean,10.039035693736954,43.428144303130715,53.46717993521998,53.45799495699041,,
B-init,external,val,seen,global_mean,4.7603540020359025,20.510574426231344,25.270928454076326,25.24242623679613,,
B-init,external,val,seen,model,161.61842802215324,736.4659034580486,898.0843316482857,898.0987885821941,-0.00516939388237777,0.026825831688002674
B-init,external,val,seen,no_change,4.899823893799088,20.769979508824175,25.66980334117132,25.64101523527945,,
B-init,external,val,seen,perturbation_mean,7.1876357183533015,30.89102885872234,38.07866449624997,38.07290553769,,
B-init,external,val,unseen,global_mean,7.532479180755867,28.36997667003747,35.90245557137101,35.90214720794425,,
B-init,external,val,unseen,model,172.6514979241847,758.7485370632227,931.4000441274669,931.4047477105315,-0.004384731503796666,0.027667073029293818
B-init,external,val,unseen,no_change,7.726731053203646,28.79131102750973,36.51804270897088,36.5176776576491,,
B-init,internal,train,all,global_mean,4.7821756688303445,21.462898862793285,26.245074522533013,26.213282609438906,,
B-init,internal,train,all,model,157.87250903176997,732.9228000186695,890.7953092265512,890.8084521887295,,
B-init,internal,train,all,no_change,4.916012202918124,21.727943184290165,26.64395539941334,26.61177254528374,,
B-init,internal,train,all,perturbation_mean,1.8745978493928293,13.445245789727304,15.319843633887993,15.314952210721614,,
B-init,internal,train,native_all,global_mean,6.598906102649646,29.44225125287439,36.04115734107547,35.98169327677518,,
B-init,internal,train,native_all,model,155.62974276920679,717.996475040707,873.626217794916,873.6382502830699,,
B-init,internal,train,native_all,no_change,6.891598627706891,30.529043171614877,37.4206418392367,37.35971229147134,,
B-init,internal,train,native_all,perturbation_mean,3.193752260856875,21.014993349999695,24.208745603123322,24.197986135465925,,
B-init,internal,train,native_common,global_mean,6.598906102649646,29.44225125287439,36.04115734107547,35.98169327677518,,
B-init,internal,train,native_common,model,155.62974276920679,717.996475040707,873.626217794916,873.6382502830699,,
B-init,internal,train,native_common,no_change,6.891598627706891,30.529043171614877,37.4206418392367,37.35971229147134,,
B-init,internal,train,native_common,perturbation_mean,3.193752260856875,21.014993349999695,24.208745603123322,24.197986135465925,,
B-init,internal,train,seen,global_mean,4.7821756688303445,21.462898862793285,26.245074522533013,26.213282609438906,,
B-init,internal,train,seen,model,157.87250903176997,732.9228000186695,890.7953092265512,890.8084521887295,,
B-init,internal,train,seen,no_change,4.916012202918124,21.727943184290165,26.64395539941334,26.61177254528374,,
B-init,internal,train,seen,perturbation_mean,1.8745978493928293,13.445245789727304,15.319843633887993,15.314952210721614,,
B-init,internal,val,all,global_mean,4.747498432803437,20.27004016061204,25.01753860605073,24.991051109417253,,
B-init,internal,val,all,model,162.2794971767046,738.3330844050566,900.612581981129,900.6253642251587,-0.004950920497728409,0.026892555557624872
B-init,internal,val,all,no_change,4.877595749017426,20.475006116899213,25.35260181546128,25.32582519822338,,
B-init,internal,val,all,perturbation_mean,7.1876357183533015,30.89102885872234,38.07866449624997,38.07290553769,,
B-init,internal,val,native_all,global_mean,6.070032047230181,26.391119169161993,32.46115126473699,32.43002077389663,,
B-init,internal,val,native_all,model,158.9205844044619,720.2474077803141,879.1679927359719,879.1839831457173,-0.012735793559984478,0.030233115881137015
B-init,internal,val,native_all,no_change,6.347072728181362,27.364456687918732,33.711529335853925,33.67961249508778,,
B-init,internal,val,native_all,perturbation_mean,10.039035693736954,43.428144303130715,53.46717993521998,53.45799495699041,,
B-init,internal,val,native_common,global_mean,6.0193024938351,26.27548722213913,32.29478976920751,32.26318116101522,,
B-init,internal,val,native_common,model,158.73407007019117,720.038354092249,878.7724245211708,878.7886625199195,-0.012182257607356464,0.02963848398893884
B-init,internal,val,native_common,no_change,6.293661360476037,27.237443619138734,33.53110489231618,33.498697874366776,,
B-init,internal,val,native_common,perturbation_mean,10.039035693736954,43.428144303130715,53.46717993521998,53.45799495699041,,
B-init,internal,val,seen,global_mean,4.7603540020359025,20.510574426231344,25.270928454076326,25.24242623679613,,
B-init,internal,val,seen,model,161.61842790735912,736.4659019981027,898.0843300470547,898.0987869809632,-0.005167792651426767,0.02682583978897977
B-init,internal,val,seen,no_change,4.899823893799088,20.769979508824175,25.66980334117132,25.64101523527945,,
B-init,internal,val,seen,perturbation_mean,7.1876357183533015,30.89102885872234,38.07866449624997,38.07290553769,,
B-init,internal,val,unseen,global_mean,7.532479180755867,28.36997667003747,35.90245557137101,35.90214720794425,,
B-init,internal,val,unseen,model,172.65149773120277,758.7485374438993,931.4000443178052,931.4047479008699,-0.00438492184212177,0.02766707457800081
B-init,internal,val,unseen,no_change,7.726731053203646,28.79131102750973,36.51804270897088,36.5176776576491,,
B-interface,external,external,all,global_mean,4.233731171800326,27.863338048386886,32.097069200468404,32.048893969150264,,
B-interface,external,external,all,model,20.06163482160492,115.89512536382294,135.95676026526849,135.95414001760133,0.1924547303761059,0.006624524604724458
B-interface,external,external,all,no_change,4.533118653454774,29.775339013445915,34.3084577028622,34.2586917691638,,
B-interface,external,external,all,perturbation_mean,4.733406054768892,34.42920393527835,39.16260989728077,39.1468713563854,,
B-interface,external,external,native_all,global_mean,4.159581395172996,28.501102574729636,32.6606839751058,32.610438317312656,,
B-interface,external,external,native_all,model,19.40123540789052,113.92084408613388,133.32207957258743,133.32007134239612,0.20575379371168373,0.00680418252202096
B-interface,external,external,native_all,no_change,4.491814679852346,30.64079322644049,35.13260792724643,35.08057035635573,,
B-interface,external,external,native_all,perturbation_mean,4.589835145195959,34.303251253167986,38.8930863203817,38.881726586212544,,
B-interface,external,external,native_common,global_mean,4.161620705654976,28.513336151214325,32.674956861307706,32.62463606045705,,
B-interface,external,external,native_common,model,19.40048631309631,113.8971077109857,133.2975941027625,133.29558286923591,0.20230779410121688,0.006791945530368336
B-interface,external,external,native_common,no_change,4.493920292887291,30.652925744251622,35.1468460582427,35.094730664464315,,
B-interface,external,external,native_common,perturbation_mean,4.589835145195959,34.303251253167986,38.8930863203817,38.881726586212544,,
B-interface,external,external,seen,global_mean,4.237102380076567,27.882839397393447,32.11994175703979,32.071685320106276,,
B-interface,external,external,seen,model,20.059526653667568,115.8726652927455,135.93219202638826,135.92956736195305,0.1895573075491817,0.006612119310246488
B-interface,external,external,seen,no_change,4.5365856779378975,29.79516566196575,34.33175137602625,34.28190155537682,,
B-interface,external,external,seen,perturbation_mean,4.733406054768892,34.42920393527835,39.16260989728077,39.1468713563854,,
B-interface,external,external,unseen,global_mean,2.2337618619203568,16.29416275024414,18.52792501449585,18.52792501449585,,
B-interface,external,external,unseen,model,21.312305450439453,129.21956253051758,150.53186798095703,150.53186798095703,-0.029221153259278765,0.003221529122674838
B-interface,external,external,unseen,no_change,2.4763063788414,18.013179779052734,20.48948609828949,20.48948609828949,,
B-interface,external,val,all,global_mean,4.747498432803437,20.27004016061204,25.01753860605073,24.991051109417253,,
B-interface,external,val,all,model,5.8973786427757835,27.15835335108927,33.055732056098826,33.03020194661852,0.2685217589952224,0.024111531669543728
B-interface,external,val,all,no_change,4.877595749017426,20.475006116899213,25.35260181546128,25.32582519822338,,
B-interface,external,val,all,perturbation_mean,7.1876357183533015,30.89102885872234,38.07866449624997,38.07290553769,,
B-interface,external,val,native_all,global_mean,6.070032047230181,26.391119169161993,32.46115126473699,32.43002077389663,,
B-interface,external,val,native_all,model,7.07662921599088,32.88846257516558,39.96509186055659,39.934045340024454,0.4542794411310728,0.02806164916725472
B-interface,external,val,native_all,no_change,6.347072728181362,27.364456687918732,33.711529335853925,33.67961249508778,,
B-interface,external,val,native_all,perturbation_mean,10.039035693736954,43.428144303130715,53.46717993521998,53.45799495699041,,
B-interface,external,val,native_common,global_mean,6.0193024938351,26.27548722213913,32.29478976920751,32.26318116101522,,
B-interface,external,val,native_common,model,7.019869891523082,32.76114049015444,39.7810104551058,39.74948796793401,0.49167076301064166,0.028677641052184757
B-interface,external,val,native_common,no_change,6.293661360476037,27.237443619138734,33.53110489231618,33.498697874366776,,
B-interface,external,val,native_common,perturbation_mean,10.039035693736954,43.428144303130715,53.46717993521998,53.45799495699041,,
B-interface,external,val,seen,global_mean,4.7603540020359025,20.510574426231344,25.270928454076326,25.24242623679613,,
B-interface,external,val,seen,model,5.882172850122761,27.333422793907772,33.21559570273376,33.188262321006796,0.2871402238287546,0.024929350950699532
B-interface,external,val,seen,no_change,4.899823893799088,20.769979508824175,25.66980334117132,25.64101523527945,,
B-interface,external,val,seen,perturbation_mean,7.1876357183533015,30.89102885872234,38.07866449624997,38.07290553769,,
B-interface,external,val,unseen,global_mean,7.532479180755867,28.36997667003747,35.90245557137101,35.90214720794425,,
B-interface,external,val,unseen,model,8.777220205599837,34.14815809415563,42.92537846409693,42.92513211264426,0.0537066824031296,0.01740846305889297
B-interface,external,val,unseen,no_change,7.726731053203646,28.79131102750973,36.51804270897088,36.5176776576491,,
B-interface,internal,train,all,global_mean,4.7821756688303445,21.462898862793285,26.245074522533013,26.213282609438906,,
B-interface,internal,train,all,model,5.73237939063317,28.03812476447892,33.77050412450139,33.738775278690966,,
B-interface,internal,train,all,no_change,4.916012202918124,21.727943184290165,26.64395539941334,26.61177254528374,,
B-interface,internal,train,all,perturbation_mean,1.8745978493928293,13.445245789727304,15.319843633887993,15.314952210721614,,
B-interface,internal,train,native_all,global_mean,6.598906102649646,29.44225125287439,36.04115734107547,35.98169327677518,,
B-interface,internal,train,native_all,model,7.490311018664367,35.861569320982845,43.35188030790399,43.29550946174471,,
B-interface,internal,train,native_all,no_change,6.891598627706891,30.529043171614877,37.4206418392367,37.35971229147134,,
B-interface,internal,train,native_all,perturbation_mean,3.193752260856875,21.014993349999695,24.208745603123322,24.197986135465925,,
B-interface,internal,train,native_common,global_mean,6.598906102649646,29.44225125287439,36.04115734107547,35.98169327677518,,
B-interface,internal,train,native_common,model,7.490311018664367,35.861569320982845,43.35188030790399,43.29550946174471,,
B-interface,internal,train,native_common,no_change,6.891598627706891,30.529043171614877,37.4206418392367,37.35971229147134,,
B-interface,internal,train,native_common,perturbation_mean,3.193752260856875,21.014993349999695,24.208745603123322,24.197986135465925,,
B-interface,internal,train,seen,global_mean,4.7821756688303445,21.462898862793285,26.245074522533013,26.213282609438906,,
B-interface,internal,train,seen,model,5.73237939063317,28.03812476447892,33.77050412450139,33.738775278690966,,
B-interface,internal,train,seen,no_change,4.916012202918124,21.727943184290165,26.64395539941334,26.61177254528374,,
B-interface,internal,train,seen,perturbation_mean,1.8745978493928293,13.445245789727304,15.319843633887993,15.314952210721614,,
B-interface,internal,val,all,global_mean,4.747498432803437,20.27004016061204,25.01753860605073,24.991051109417253,,
B-interface,internal,val,all,model,5.89737872755844,27.15835252102006,33.05573130994181,33.030201200461505,0.2685225051522359,0.024111561362881884
B-interface,internal,val,all,no_change,4.877595749017426,20.475006116899213,25.35260181546128,25.32582519822338,,
B-interface,internal,val,all,perturbation_mean,7.1876357183533015,30.89102885872234,38.07866449624997,38.07290553769,,
B-interface,internal,val,native_all,global_mean,6.070032047230181,26.391119169161993,32.46115126473699,32.43002077389663,,
B-interface,internal,val,native_all,model,7.07662921599088,32.88846257516558,39.96509186055659,39.934045340024454,0.4542794411310728,0.02806164916725472
B-interface,internal,val,native_all,no_change,6.347072728181362,27.364456687918732,33.711529335853925,33.67961249508778,,
B-interface,internal,val,native_all,perturbation_mean,10.039035693736954,43.428144303130715,53.46717993521998,53.45799495699041,,
B-interface,internal,val,native_common,global_mean,6.0193024938351,26.27548722213913,32.29478976920751,32.26318116101522,,
B-interface,internal,val,native_common,model,7.019869891523082,32.76114049015444,39.7810104551058,39.74948796793401,0.49167076301064166,0.028677641052184757
B-interface,internal,val,native_common,no_change,6.293661360476037,27.237443619138734,33.53110489231618,33.498697874366776,,
B-interface,internal,val,native_common,perturbation_mean,10.039035693736954,43.428144303130715,53.46717993521998,53.45799495699041,,
B-interface,internal,val,seen,global_mean,4.7603540020359025,20.510574426231344,25.270928454076326,25.24242623679613,,
B-interface,internal,val,seen,model,5.882173226055143,27.333422876324068,33.21559615896684,33.18826277723988,0.2871397675956711,0.024929346380146194
B-interface,internal,val,seen,no_change,4.899823893799088,20.769979508824175,25.66980334117132,25.64101523527945,,
B-interface,internal,val,seen,perturbation_mean,7.1876357183533015,30.89102885872234,38.07866449624997,38.07290553769,,
B-interface,internal,val,unseen,global_mean,7.532479180755867,28.36997667003747,35.90245557137101,35.90214720794425,,
B-interface,internal,val,unseen,model,8.777220028892513,34.14815644455681,42.92537663803862,42.92513028658596,0.05370850846143607,0.017408518004462237
B-interface,internal,val,unseen,no_change,7.726731053203646,28.79131102750973,36.51804270897088,36.5176776576491,,
B-joint,external,external,all,global_mean,4.233731171800326,27.863338048386886,32.097069200468404,32.048893969150264,,
B-joint,external,external,all,model,27.24424855629837,173.31167636240636,200.55592489021888,200.54957032354127,0.057611689649813884,0.006639692583246247
B-joint,external,external,all,no_change,4.533118653454774,29.775339013445915,34.3084577028622,34.2586917691638,,
B-joint,external,external,all,perturbation_mean,4.733406054768892,34.42920393527835,39.16260989728077,39.1468713563854,,
B-joint,external,external,native_all,global_mean,4.159581395172996,28.501102574729636,32.6606839751058,32.610438317312656,,
B-joint,external,external,native_all,model,26.374099907322034,170.18865726788047,196.56275722718226,196.5551647112226,0.06000414820320282,0.006578311279033982
B-joint,external,external,native_all,no_change,4.491814679852346,30.64079322644049,35.13260792724643,35.08057035635573,,
B-joint,external,external,native_all,perturbation_mean,4.589835145195959,34.303251253167986,38.8930863203817,38.881726586212544,,
B-joint,external,external,native_common,global_mean,4.161620705654976,28.513336151214325,32.674956861307706,32.62463606045705,,
B-joint,external,external,native_common,model,26.372985792540362,170.1585246777368,196.53151051758056,196.5239066469111,0.06413889587341506,0.006591757838580625
B-joint,external,external,native_common,no_change,4.493920292887291,30.652925744251622,35.1468460582427,35.094730664464315,,
B-joint,external,external,native_common,perturbation_mean,4.589835145195959,34.303251253167986,38.8930863203817,38.881726586212544,,
B-joint,external,external,seen,global_mean,4.237102380076567,27.882839397393447,32.11994175703979,32.071685320106276,,
B-joint,external,external,seen,model,27.24076844427187,173.27965342460982,200.5204218379365,200.51405655981065,0.058428404977237676,0.006629092023775431
B-joint,external,external,seen,no_change,4.5365856779378975,29.79516566196575,34.33175137602625,34.28190155537682,,
B-joint,external,external,seen,perturbation_mean,4.733406054768892,34.42920393527835,39.16260989728077,39.1468713563854,,
B-joint,external,external,unseen,global_mean,2.2337618619203568,16.29416275024414,18.52792501449585,18.52792501449585,,
B-joint,external,external,unseen,model,29.30882501602173,192.30928421020508,221.61811065673828,221.61811065673828,-0.04833145141601847,0.007023074245080352
B-joint,external,external,unseen,no_change,2.4763063788414,18.013179779052734,20.48948609828949,20.48948609828949,,
B-joint,external,val,all,global_mean,4.747498432803437,20.27004016061204,25.01753860605073,24.991051109417253,,
B-joint,external,val,all,model,105.9620535182486,434.0450893866774,540.0071428970149,540.0164006080405,0.004898869925169536,0.007498686403121198
B-joint,external,val,all,no_change,4.877595749017426,20.475006116899213,25.35260181546128,25.32582519822338,,
B-joint,external,val,all,perturbation_mean,7.1876357183533015,30.89102885872234,38.07866449624997,38.07290553769,,
B-joint,external,val,native_all,global_mean,6.070032047230181,26.391119169161993,32.46115126473699,32.43002077389663,,
B-joint,external,val,native_all,model,103.76769994233472,420.5780635607243,524.3457633408663,524.354236768232,0.011432898331852084,0.0071051252112947555
B-joint,external,val,native_all,no_change,6.347072728181362,27.364456687918732,33.711529335853925,33.67961249508778,,
B-joint,external,val,native_all,perturbation_mean,10.039035693736954,43.428144303130715,53.46717993521998,53.45799495699041,,
B-joint,external,val,native_common,global_mean,6.0193024938351,26.27548722213913,32.29478976920751,32.26318116101522,,
B-joint,external,val,native_common,model,103.60531795581362,420.3529021295258,523.9582199202233,523.9668237291891,0.012557371200909573,0.0072061244151250155
B-joint,external,val,native_common,no_change,6.293661360476037,27.237443619138734,33.53110489231618,33.498697874366776,,
B-joint,external,val,native_common,perturbation_mean,10.039035693736954,43.428144303130715,53.46717993521998,53.45799495699041,,
B-joint,external,val,seen,global_mean,4.7603540020359025,20.510574426231344,25.270928454076326,25.24242623679613,,
B-joint,external,val,seen,model,105.4630466540316,432.5026494951378,537.9656961255505,537.975836533322,0.006026970378056824,0.007348026271905748
B-joint,external,val,seen,no_change,4.899823893799088,20.769979508824175,25.66980334117132,25.64101523527945,,
B-joint,external,val,seen,perturbation_mean,7.1876357183533015,30.89102885872234,38.07866449624997,38.07290553769,,
B-joint,external,val,unseen,global_mean,7.532479180755867,28.36997667003747,35.90245557137101,35.90214720794425,,
B-joint,external,val,unseen,model,115.29330936728427,454.12560235730433,569.4189105113879,569.4223090235254,0.044012578549158105,0.007098219303278274
B-joint,external,val,unseen,no_change,7.726731053203646,28.79131102750973,36.51804270897088,36.5176776576491,,
B-joint,internal,train,all,global_mean,4.7821756688303445,21.462898862793285,26.245074522533013,26.213282609438906,,
B-joint,internal,train,all,model,102.32749560764275,429.16388649261233,531.4913820393003,531.4996259906297,,
B-joint,internal,train,all,no_change,4.916012202918124,21.727943184290165,26.64395539941334,26.61177254528374,,
B-joint,internal,train,all,perturbation_mean,1.8745978493928293,13.445245789727304,15.319843633887993,15.314952210721614,,
B-joint,internal,train,native_all,global_mean,6.598906102649646,29.44225125287439,36.04115734107547,35.98169327677518,,
B-joint,internal,train,native_all,model,101.00629281533189,418.70493302910927,519.7112255715545,519.7190136095685,,
B-joint,internal,train,native_all,no_change,6.891598627706891,30.529043171614877,37.4206418392367,37.35971229147134,,
B-joint,internal,train,native_all,perturbation_mean,3.193752260856875,21.014993349999695,24.208745603123322,24.197986135465925,,
B-joint,internal,train,native_common,global_mean,6.598906102649646,29.44225125287439,36.04115734107547,35.98169327677518,,
B-joint,internal,train,native_common,model,101.00629281533189,418.70493302910927,519.7112255715545,519.7190136095685,,
B-joint,internal,train,native_common,no_change,6.891598627706891,30.529043171614877,37.4206418392367,37.35971229147134,,
B-joint,internal,train,native_common,perturbation_mean,3.193752260856875,21.014993349999695,24.208745603123322,24.197986135465925,,
B-joint,internal,train,seen,global_mean,4.7821756688303445,21.462898862793285,26.245074522533013,26.213282609438906,,
B-joint,internal,train,seen,model,102.32749560764275,429.16388649261233,531.4913820393003,531.4996259906297,,
B-joint,internal,train,seen,no_change,4.916012202918124,21.727943184290165,26.64395539941334,26.61177254528374,,
B-joint,internal,train,seen,perturbation_mean,1.8745978493928293,13.445245789727304,15.319843633887993,15.314952210721614,,
B-joint,internal,val,all,global_mean,4.747498432803437,20.27004016061204,25.01753860605073,24.991051109417253,,
B-joint,internal,val,all,model,105.96205300990084,434.04508663463577,540.0071396380184,540.016397349044,0.004902128921738197,0.007498713256263933
B-joint,internal,val,all,no_change,4.877595749017426,20.475006116899213,25.35260181546128,25.32582519822338,,
B-joint,internal,val,all,perturbation_mean,7.1876357183533015,30.89102885872234,38.07866449624997,38.07290553769,,
B-joint,internal,val,native_all,global_mean,6.070032047230181,26.391119169161993,32.46115126473699,32.43002077389663,,
B-joint,internal,val,native_all,model,103.76769994233472,420.5780635607243,524.3457633408663,524.354236768232,0.011432898331852084,0.0071051252112947555
B-joint,internal,val,native_all,no_change,6.347072728181362,27.364456687918732,33.711529335853925,33.67961249508778,,
B-joint,internal,val,native_all,perturbation_mean,10.039035693736954,43.428144303130715,53.46717993521998,53.45799495699041,,
B-joint,internal,val,native_common,global_mean,6.0193024938351,26.27548722213913,32.29478976920751,32.26318116101522,,
B-joint,internal,val,native_common,model,103.60531795581362,420.3529021295258,523.9582199202233,523.9668237291891,0.012557371200909573,0.0072061244151250155
B-joint,internal,val,native_common,no_change,6.293661360476037,27.237443619138734,33.53110489231618,33.498697874366776,,
B-joint,internal,val,native_common,perturbation_mean,10.039035693736954,43.428144303130715,53.46717993521998,53.45799495699041,,
B-joint,internal,val,seen,global_mean,4.7603540020359025,20.510574426231344,25.270928454076326,25.24242623679613,,
B-joint,internal,val,seen,model,105.46304624195011,432.5026521089119,537.9656983390169,537.9758387467883,0.006024756911742202,0.0073480808700628975
B-joint,internal,val,seen,no_change,4.899823893799088,20.769979508824175,25.66980334117132,25.64101523527945,,
B-joint,internal,val,seen,perturbation_mean,7.1876357183533015,30.89102885872234,38.07866449624997,38.07290553769,,
B-joint,internal,val,unseen,global_mean,7.532479180755867,28.36997667003747,35.90245557137101,35.90214720794425,,
B-joint,internal,val,unseen,model,115.293308772477,454.1255947860688,569.4189023374144,569.4223008495518,0.04402075252278618,0.007098185239533903
B-joint,internal,val,unseen,no_change,7.726731053203646,28.79131102750973,36.51804270897088,36.5176776576491,,
B-unfreeze,external,external,all,global_mean,4.233731171800326,27.863338048386886,32.097069200468404,32.048893969150264,,
B-unfreeze,external,external,all,model,26.48032203139906,153.50084752398575,179.98116933993546,179.98190576427365,0.8031305965476541,0.0736533381766718
B-unfreeze,external,external,all,no_change,4.533118653454774,29.775339013445915,34.3084577028622,34.2586917691638,,
B-unfreeze,external,external,all,perturbation_mean,4.733406054768892,34.42920393527835,39.16260989728077,39.1468713563854,,
B-unfreeze,external,external,native_all,global_mean,4.159581395172996,28.501102574729636,32.6606839751058,32.610438317312656,,
B-unfreeze,external,external,native_all,model,25.65350532958969,150.75634802841557,176.4098531723972,176.41182210683942,0.865156534288937,0.07481199155168225
B-unfreeze,external,external,native_all,no_change,4.491814679852346,30.64079322644049,35.13260792724643,35.08057035635573,,
B-unfreeze,external,external,native_all,perturbation_mean,4.589835145195959,34.303251253167986,38.8930863203817,38.881726586212544,,
B-unfreeze,external,external,native_common,global_mean,4.161620705654976,28.513336151214325,32.674956861307706,32.62463606045705,,
B-unfreeze,external,external,native_common,model,25.651488181957575,150.72159560442208,176.37308360905138,176.37505548806158,0.8808784252862744,0.0746195938747641
B-unfreeze,external,external,native_common,no_change,4.493920292887291,30.652925744251622,35.1468460582427,35.094730664464315,,
B-unfreeze,external,external,native_common,perturbation_mean,4.589835145195959,34.303251253167986,38.8930863203817,38.881726586212544,,
B-unfreeze,external,external,seen,global_mean,4.237102380076567,27.882839397393447,32.11994175703979,32.071685320106276,,
B-unfreeze,external,external,seen,model,26.476095960354233,153.46504039418784,179.94113614596347,179.94187381164062,0.7890803543264433,0.07381756172359791
B-unfreeze,external,external,seen,no_change,4.5365856779378975,29.79516566196575,34.33175137602625,34.28190155537682,,
B-unfreeze,external,external,seen,perturbation_mean,4.733406054768892,34.42920393527835,39.16260989728077,39.1468713563854,,
B-unfreeze,external,external,unseen,global_mean,2.2337618619203568,16.29416275024414,18.52792501449585,18.52792501449585,,
B-unfreeze,external,external,unseen,model,28.987438678741455,174.74342727661133,203.73086166381836,203.73086166381836,0.28713951110839986,0.025701627880334855
B-unfreeze,external,external,unseen,no_change,2.4763063788414,18.013179779052734,20.48948609828949,20.48948609828949,,
B-unfreeze,external,val,all,global_mean,4.747498432803437,20.27004016061204,25.01753860605073,24.991051109417253,,
B-unfreeze,external,val,all,model,4.896327852355838,21.639058787849365,26.535386615393463,26.50865504703116,2.249356035482634,0.4499221298061063
B-unfreeze,external,val,all,no_change,4.877595749017426,20.475006116899213,25.35260181546128,25.32582519822338,,
B-unfreeze,external,val,all,perturbation_mean,7.1876357183533015,30.89102885872234,38.07866449624997,38.07290553769,,
B-unfreeze,external,val,native_all,global_mean,6.070032047230181,26.391119169161993,32.46115126473699,32.43002077389663,,
B-unfreeze,external,val,native_all,model,5.928901300863257,26.665458524318087,32.594359889631455,32.56182937110997,3.2606184889020944,0.580755071373144
B-unfreeze,external,val,native_all,no_change,6.347072728181362,27.364456687918732,33.711529335853925,33.67961249508778,,
B-unfreeze,external,val,native_all,perturbation_mean,10.039035693736954,43.428144303130715,53.46717993521998,53.45799495699041,,
B-unfreeze,external,val,native_common,global_mean,6.0193024938351,26.27548722213913,32.29478976920751,32.26318116101522,,
B-unfreeze,external,val,native_common,model,5.877668758160545,26.540846148722178,32.418514970271325,32.385485884516875,3.4792611772405735,0.5855070078642646
B-unfreeze,external,val,native_common,no_change,6.293661360476037,27.237443619138734,33.53110489231618,33.498697874366776,,
B-unfreeze,external,val,native_common,perturbation_mean,10.039035693736954,43.428144303130715,53.46717993521998,53.45799495699041,,
B-unfreeze,external,val,seen,global_mean,4.7603540020359025,20.510574426231344,25.270928454076326,25.24242623679613,,
B-unfreeze,external,val,seen,model,4.894365475305661,21.83828425302387,26.732649699610494,26.704013914889064,2.249201628464172,0.45705613919790977
B-unfreeze,external,val,seen,no_change,4.899823893799088,20.769979508824175,25.66980334117132,25.64101523527945,,
B-unfreeze,external,val,seen,perturbation_mean,7.1876357183533015,30.89102885872234,38.07866449624997,38.07290553769,,
B-unfreeze,external,val,unseen,global_mean,7.532479180755867,28.36997667003747,35.90245557137101,35.90214720794425,,
B-unfreeze,external,val,unseen,model,6.925878985282211,26.2126622684862,33.13854137345367,33.13824433828591,5.87088720084451,0.42170379815407505
B-unfreeze,external,val,unseen,no_change,7.726731053203646,28.79131102750973,36.51804270897088,36.5176776576491,,
B-unfreeze,internal,train,all,global_mean,4.7821756688303445,21.462898862793285,26.245074522533013,26.213282609438906,,
B-unfreeze,internal,train,all,model,4.196775863053051,20.654419476309887,24.851195339162945,24.81780756451543,,
B-unfreeze,internal,train,all,no_change,4.916012202918124,21.727943184290165,26.64395539941334,26.61177254528374,,
B-unfreeze,internal,train,all,perturbation_mean,1.8745978493928293,13.445245789727304,15.319843633887993,15.314952210721614,,
B-unfreeze,internal,train,native_all,global_mean,6.598906102649646,29.44225125287439,36.04115734107547,35.98169327677518,,
B-unfreeze,internal,train,native_all,model,5.674791822358681,27.251449447121818,32.92624131186675,32.86766119555879,,
B-unfreeze,internal,train,native_all,no_change,6.891598627706891,30.529043171614877,37.4206418392367,37.35971229147134,,
B-unfreeze,internal,train,native_all,perturbation_mean,3.193752260856875,21.014993349999695,24.208745603123322,24.197986135465925,,
B-unfreeze,internal,train,native_common,global_mean,6.598906102649646,29.44225125287439,36.04115734107547,35.98169327677518,,
B-unfreeze,internal,train,native_common,model,5.674791822358681,27.251449447121818,32.92624131186675,32.86766119555879,,
B-unfreeze,internal,train,native_common,no_change,6.891598627706891,30.529043171614877,37.4206418392367,37.35971229147134,,
B-unfreeze,internal,train,native_common,perturbation_mean,3.193752260856875,21.014993349999695,24.208745603123322,24.197986135465925,,
B-unfreeze,internal,train,seen,global_mean,4.7821756688303445,21.462898862793285,26.245074522533013,26.213282609438906,,
B-unfreeze,internal,train,seen,model,4.196775863053051,20.654419476309887,24.851195339162945,24.81780756451543,,
B-unfreeze,internal,train,seen,no_change,4.916012202918124,21.727943184290165,26.64395539941334,26.61177254528374,,
B-unfreeze,internal,train,seen,perturbation_mean,1.8745978493928293,13.445245789727304,15.319843633887993,15.314952210721614,,
B-unfreeze,internal,val,all,global_mean,4.747498432803437,20.27004016061204,25.01753860605073,24.991051109417253,,
B-unfreeze,internal,val,all,model,4.896327158361049,21.63905682688049,26.535383960843266,26.508652392480965,2.24935869003283,0.4499220797663807
B-unfreeze,internal,val,all,no_change,4.877595749017426,20.475006116899213,25.35260181546128,25.32582519822338,,
B-unfreeze,internal,val,all,perturbation_mean,7.1876357183533015,30.89102885872234,38.07866449624997,38.07290553769,,
B-unfreeze,internal,val,native_all,global_mean,6.070032047230181,26.391119169161993,32.46115126473699,32.43002077389663,,
B-unfreeze,internal,val,native_all,model,5.928901300863257,26.665458524318087,32.594359889631455,32.56182937110997,3.2606184889020944,0.580755071373144
B-unfreeze,internal,val,native_all,no_change,6.347072728181362,27.364456687918732,33.711529335853925,33.67961249508778,,
B-unfreeze,internal,val,native_all,perturbation_mean,10.039035693736954,43.428144303130715,53.46717993521998,53.45799495699041,,
B-unfreeze,internal,val,native_common,global_mean,6.0193024938351,26.27548722213913,32.29478976920751,32.26318116101522,,
B-unfreeze,internal,val,native_common,model,5.877668758160545,26.540846148722178,32.418514970271325,32.385485884516875,3.4792611772405735,0.5855070078642646
B-unfreeze,internal,val,native_common,no_change,6.293661360476037,27.237443619138734,33.53110489231618,33.498697874366776,,
B-unfreeze,internal,val,native_common,perturbation_mean,10.039035693736954,43.428144303130715,53.46717993521998,53.45799495699041,,
B-unfreeze,internal,val,seen,global_mean,4.7603540020359025,20.510574426231344,25.270928454076326,25.24242623679613,,
B-unfreeze,internal,val,seen,model,4.894363827117656,21.838279001928253,26.73264280092476,26.70400701620333,2.24920852714991,0.45705610972162664
B-unfreeze,internal,val,seen,no_change,4.899823893799088,20.769979508824175,25.66980334117132,25.64101523527945,,
B-unfreeze,internal,val,seen,perturbation_mean,7.1876357183533015,30.89102885872234,38.07866449624997,38.07290553769,,
B-unfreeze,internal,val,unseen,global_mean,7.532479180755867,28.36997667003747,35.90245557137101,35.90214720794425,,
B-unfreeze,internal,val,unseen,model,6.925879148275925,26.21266326247523,33.13854253068425,33.138245495516486,5.870886043613928,0.42170376788751934
B-unfreeze,internal,val,unseen,no_change,7.726731053203646,28.79131102750973,36.51804270897088,36.5176776576491,,
